{
    "total": 0.00576782,
    "sub": [
        {
            "class_name": "Driver",
            "sub": [
                {
                "name": "driver_line",
                "cpu_second": 0,
                "calls": 1,
                "cpu_second_per_call": 0.000000000000000,
                "cpu_second_per_total": 0.000000000000000
                },
                {
                "name": "reading",
                "cpu_second": 0.005116773,
                "calls": 1,
                "cpu_second_per_call": 0.005116773000000,
                "cpu_second_per_total": 0.887124405256129
                }
            ]
        },
        {
            "class_name": "Input",
            "sub": [
                {
                "name": "Init",
                "cpu_second": 0.003347544,
                "calls": 1,
                "cpu_second_per_call": 0.003347544000000,
                "cpu_second_per_total": 0.580382983585303
                }
            ]
        },
        {
            "class_name": "Input_Conv",
            "sub": [
                {
                "name": "Convert",
                "cpu_second": 0.000397662,
                "calls": 1,
                "cpu_second_per_call": 0.000397662000000,
                "cpu_second_per_total": 0.068944951289213
                }
            ]
        }
    ]
}
