{
    "total": 0.00507342,
    "sub": [
        {
            "class_name": "Driver",
            "sub": [
                {
                "name": "driver_line",
                "cpu_second": 0,
                "calls": 1,
                "cpu_second_per_call": 0.000000000000000,
                "cpu_second_per_total": 0.000000000000000
                },
                {
                "name": "reading",
                "cpu_second": 0.004659887,
                "calls": 1,
                "cpu_second_per_call": 0.004659887000000,
                "cpu_second_per_total": 0.918490107562530
                }
            ]
        },
        {
            "class_name": "Input",
            "sub": [
                {
                "name": "Init",
                "cpu_second": 0.00295422,
                "calls": 1,
                "cpu_second_per_call": 0.002954220000000,
                "cpu_second_per_total": 0.582293485992982
                }
            ]
        },
        {
            "class_name": "Input_Conv",
            "sub": [
                {
                "name": "Convert",
                "cpu_second": 0.000429226,
                "calls": 1,
                "cpu_second_per_call": 0.000429226000000,
                "cpu_second_per_total": 0.084602874470697
                }
            ]
        }
    ]
}
