{
    "total": 0.0100597,
    "sub": [
        {
            "class_name": "Driver",
            "sub": [
                {
                "name": "driver_line",
                "cpu_second": 0,
                "calls": 1,
                "cpu_second_per_call": 0.000000000000000,
                "cpu_second_per_total": 0.000000000000000
                },
                {
                "name": "reading",
                "cpu_second": 0.009302961,
                "calls": 1,
                "cpu_second_per_call": 0.009302961000000,
                "cpu_second_per_total": 0.924775467889341
                }
            ]
        },
        {
            "class_name": "Input",
            "sub": [
                {
                "name": "Init",
                "cpu_second": 0.005229966,
                "calls": 1,
                "cpu_second_per_call": 0.005229966000000,
                "cpu_second_per_total": 0.519892994789008
                }
            ]
        },
        {
            "class_name": "Input_Conv",
            "sub": [
                {
                "name": "Convert",
                "cpu_second": 0.00093048,
                "calls": 1,
                "cpu_second_per_call": 0.000930480000000,
                "cpu_second_per_total": 0.092495827657632
                }
            ]
        }
    ]
}
