{
    "total": 0.00731335,
    "sub": [
        {
            "class_name": "Driver",
            "sub": [
                {
                "name": "driver_line",
                "cpu_second": 0,
                "calls": 1,
                "cpu_second_per_call": 0.000000000000000,
                "cpu_second_per_total": 0.000000000000000
                },
                {
                "name": "reading",
                "cpu_second": 0.006842945,
                "calls": 1,
                "cpu_second_per_call": 0.006842945000000,
                "cpu_second_per_total": 0.935679099553064
                }
            ]
        },
        {
            "class_name": "Input",
            "sub": [
                {
                "name": "Init",
                "cpu_second": 0.0047348,
                "calls": 1,
                "cpu_second_per_call": 0.004734800000000,
                "cpu_second_per_total": 0.647419115682480
                }
            ]
        },
        {
            "class_name": "Input_Conv",
            "sub": [
                {
                "name": "Convert",
                "cpu_second": 0.000544833,
                "calls": 1,
                "cpu_second_per_call": 0.000544833000000,
                "cpu_second_per_total": 0.074498458024549
                }
            ]
        }
    ]
}
