{
    "total": 0.0064138,
    "sub": [
        {
            "class_name": "Driver",
            "sub": [
                {
                "name": "driver_line",
                "cpu_second": 0,
                "calls": 1,
                "cpu_second_per_call": 0.000000000000000,
                "cpu_second_per_total": 0.000000000000000
                },
                {
                "name": "reading",
                "cpu_second": 0.005968862,
                "calls": 1,
                "cpu_second_per_call": 0.005968862000000,
                "cpu_second_per_total": 0.930627295341845
                }
            ]
        },
        {
            "class_name": "Input",
            "sub": [
                {
                "name": "Init",
                "cpu_second": 0.003774596,
                "calls": 1,
                "cpu_second_per_call": 0.003774596000000,
                "cpu_second_per_total": 0.588511187976560
                }
            ]
        },
        {
            "class_name": "Input_Conv",
            "sub": [
                {
                "name": "Convert",
                "cpu_second": 0.000479405,
                "calls": 1,
                "cpu_second_per_call": 0.000479405000000,
                "cpu_second_per_total": 0.074745802218808
                }
            ]
        }
    ]
}
