{
    "total": 0.0101128,
    "sub": [
        {
            "class_name": "Driver",
            "sub": [
                {
                "name": "driver_line",
                "cpu_second": 0,
                "calls": 1,
                "cpu_second_per_call": 0.000000000000000,
                "cpu_second_per_total": 0.000000000000000
                },
                {
                "name": "reading",
                "cpu_second": 0.009341724,
                "calls": 1,
                "cpu_second_per_call": 0.009341724000000,
                "cpu_second_per_total": 0.923755760541826
                }
            ]
        },
        {
            "class_name": "Input",
            "sub": [
                {
                "name": "Init",
                "cpu_second": 0.005240459,
                "calls": 1,
                "cpu_second_per_call": 0.005240459000000,
                "cpu_second_per_total": 0.518202441983220
                }
            ]
        },
        {
            "class_name": "Input_Conv",
            "sub": [
                {
                "name": "Convert",
                "cpu_second": 0.000982364,
                "calls": 1,
                "cpu_second_per_call": 0.000982364000000,
                "cpu_second_per_total": 0.097140999236213
                }
            ]
        }
    ]
}
