{
    "total": 0.00822425,
    "sub": [
        {
            "class_name": "Driver",
            "sub": [
                {
                "name": "driver_line",
                "cpu_second": 0,
                "calls": 1,
                "cpu_second_per_call": 0.000000000000000,
                "cpu_second_per_total": 0.000000000000000
                },
                {
                "name": "reading",
                "cpu_second": 0.007389435,
                "calls": 1,
                "cpu_second_per_call": 0.007389435000000,
                "cpu_second_per_total": 0.898493588897904
                }
            ]
        },
        {
            "class_name": "Input",
            "sub": [
                {
                "name": "Init",
                "cpu_second": 0.002617144,
                "calls": 1,
                "cpu_second_per_call": 0.002617144000000,
                "cpu_second_per_total": 0.318222855363450
                }
            ]
        },
        {
            "class_name": "Input_Conv",
            "sub": [
                {
                "name": "Convert",
                "cpu_second": 0.000954899,
                "calls": 1,
                "cpu_second_per_call": 0.000954899000000,
                "cpu_second_per_total": 0.116107744305893
                }
            ]
        }
    ]
}
