{
    "total": 0.0103083,
    "sub": [
        {
            "class_name": "Driver",
            "sub": [
                {
                "name": "driver_line",
                "cpu_second": 0,
                "calls": 1,
                "cpu_second_per_call": 0.000000000000000,
                "cpu_second_per_total": 0.000000000000000
                },
                {
                "name": "reading",
                "cpu_second": 0.009503617,
                "calls": 1,
                "cpu_second_per_call": 0.009503617000000,
                "cpu_second_per_total": 0.921939056441164
                }
            ]
        },
        {
            "class_name": "Input",
            "sub": [
                {
                "name": "Init",
                "cpu_second": 0.005644181,
                "calls": 1,
                "cpu_second_per_call": 0.005644181000000,
                "cpu_second_per_total": 0.547537943240258
                }
            ]
        },
        {
            "class_name": "Input_Conv",
            "sub": [
                {
                "name": "Convert",
                "cpu_second": 0.000882899,
                "calls": 1,
                "cpu_second_per_call": 0.000882899000000,
                "cpu_second_per_total": 0.085649397591764
                }
            ]
        }
    ]
}
