{
    "total": 0.00478573,
    "sub": [
        {
            "class_name": "Driver",
            "sub": [
                {
                "name": "driver_line",
                "cpu_second": 0,
                "calls": 1,
                "cpu_second_per_call": 0.000000000000000,
                "cpu_second_per_total": 0.000000000000000
                },
                {
                "name": "reading",
                "cpu_second": 0.004361365,
                "calls": 1,
                "cpu_second_per_call": 0.004361365000000,
                "cpu_second_per_total": 0.911326626731292
                }
            ]
        },
        {
            "class_name": "Input",
            "sub": [
                {
                "name": "Init",
                "cpu_second": 0.002257821,
                "calls": 1,
                "cpu_second_per_call": 0.002257821000000,
                "cpu_second_per_total": 0.471781746240700
                }
            ]
        },
        {
            "class_name": "Input_Conv",
            "sub": [
                {
                "name": "Convert",
                "cpu_second": 0.00044853,
                "calls": 1,
                "cpu_second_per_call": 0.000448530000000,
                "cpu_second_per_total": 0.093722339654623
                }
            ]
        }
    ]
}
