{
    "total": 0.00408784,
    "sub": [
        {
            "class_name": "Driver",
            "sub": [
                {
                "name": "driver_line",
                "cpu_second": 0,
                "calls": 1,
                "cpu_second_per_call": 0.000000000000000,
                "cpu_second_per_total": 0.000000000000000
                },
                {
                "name": "reading",
                "cpu_second": 0.003627435,
                "calls": 1,
                "cpu_second_per_call": 0.003627435000000,
                "cpu_second_per_total": 0.887370974193004
                }
            ]
        },
        {
            "class_name": "Input",
            "sub": [
                {
                "name": "Init",
                "cpu_second": 0.001306946,
                "calls": 1,
                "cpu_second_per_call": 0.001306946000000,
                "cpu_second_per_total": 0.319715155540389
                }
            ]
        },
        {
            "class_name": "Input_Conv",
            "sub": [
                {
                "name": "Convert",
                "cpu_second": 0.00047486,
                "calls": 1,
                "cpu_second_per_call": 0.000474860000000,
                "cpu_second_per_total": 0.116163895646728
                }
            ]
        }
    ]
}
