{
    "total": 0.0114636,
    "sub": [
        {
            "class_name": "Driver",
            "sub": [
                {
                "name": "driver_line",
                "cpu_second": 0,
                "calls": 1,
                "cpu_second_per_call": 0.000000000000000,
                "cpu_second_per_total": 0.000000000000000
                },
                {
                "name": "reading",
                "cpu_second": 0.010740447,
                "calls": 1,
                "cpu_second_per_call": 0.010740447000000,
                "cpu_second_per_total": 0.936918849891871
                }
            ]
        },
        {
            "class_name": "Input",
            "sub": [
                {
                "name": "Init",
                "cpu_second": 0.005898942,
                "calls": 1,
                "cpu_second_per_call": 0.005898942000000,
                "cpu_second_per_total": 0.514580999675232
                }
            ]
        },
        {
            "class_name": "Input_Conv",
            "sub": [
                {
                "name": "Convert",
                "cpu_second": 0.001147177,
                "calls": 1,
                "cpu_second_per_call": 0.001147177000000,
                "cpu_second_per_total": 0.100071417461713
                }
            ]
        }
    ]
}
