{
    "total": 0.00796573,
    "sub": [
        {
            "class_name": "Driver",
            "sub": [
                {
                "name": "driver_line",
                "cpu_second": 0,
                "calls": 1,
                "cpu_second_per_call": 0.000000000000000,
                "cpu_second_per_total": 0.000000000000000
                },
                {
                "name": "reading",
                "cpu_second": 0.007492078,
                "calls": 1,
                "cpu_second_per_call": 0.007492078000000,
                "cpu_second_per_total": 0.940538783011726
                }
            ]
        },
        {
            "class_name": "Input",
            "sub": [
                {
                "name": "Init",
                "cpu_second": 0.005031377,
                "calls": 1,
                "cpu_second_per_call": 0.005031377000000,
                "cpu_second_per_total": 0.631627860848911
                }
            ]
        },
        {
            "class_name": "Input_Conv",
            "sub": [
                {
                "name": "Convert",
                "cpu_second": 0.00054562,
                "calls": 1,
                "cpu_second_per_call": 0.000545620000000,
                "cpu_second_per_total": 0.068495919394707
                }
            ]
        }
    ]
}
