{
    "total": 0.00651392,
    "sub": [
        {
            "class_name": "Driver",
            "sub": [
                {
                "name": "driver_line",
                "cpu_second": 0,
                "calls": 1,
                "cpu_second_per_call": 0.000000000000000,
                "cpu_second_per_total": 0.000000000000000
                },
                {
                "name": "reading",
                "cpu_second": 0.006072225,
                "calls": 1,
                "cpu_second_per_call": 0.006072225000000,
                "cpu_second_per_total": 0.932191563794726
                }
            ]
        },
        {
            "class_name": "Input",
            "sub": [
                {
                "name": "Init",
                "cpu_second": 0.004161997,
                "calls": 1,
                "cpu_second_per_call": 0.004161997000000,
                "cpu_second_per_total": 0.638938526147987
                }
            ]
        },
        {
            "class_name": "Input_Conv",
            "sub": [
                {
                "name": "Convert",
                "cpu_second": 0.000504969,
                "calls": 1,
                "cpu_second_per_call": 0.000504969000000,
                "cpu_second_per_total": 0.077521475534563
                }
            ]
        }
    ]
}
