{
    "total": 0.0112655,
    "sub": [
        {
            "class_name": "Driver",
            "sub": [
                {
                "name": "driver_line",
                "cpu_second": 0,
                "calls": 1,
                "cpu_second_per_call": 0.000000000000000,
                "cpu_second_per_total": 0.000000000000000
                },
                {
                "name": "reading",
                "cpu_second": 0.010053975,
                "calls": 1,
                "cpu_second_per_call": 0.010053975000000,
                "cpu_second_per_total": 0.892455633198580
                }
            ]
        },
        {
            "class_name": "Input",
            "sub": [
                {
                "name": "Init",
                "cpu_second": 0.005632026,
                "calls": 1,
                "cpu_second_per_call": 0.005632026000000,
                "cpu_second_per_total": 0.499934934194770
                }
            ]
        },
        {
            "class_name": "Input_Conv",
            "sub": [
                {
                "name": "Convert",
                "cpu_second": 0.000895715,
                "calls": 1,
                "cpu_second_per_call": 0.000895715000000,
                "cpu_second_per_total": 0.079509437559817
                }
            ]
        }
    ]
}
