{
    "total": 0.0463059,
    "sub": [
        {
            "class_name": "Driver",
            "sub": [
                {
                "name": "driver_line",
                "cpu_second": 0,
                "calls": 1,
                "cpu_second_per_call": 0.000000000000000,
                "cpu_second_per_total": 0.000000000000000
                },
                {
                "name": "reading",
                "cpu_second": 0.034524675225839,
                "calls": 1,
                "cpu_second_per_call": 0.034524675225839,
                "cpu_second_per_total": 0.745577801441671
                }
            ]
        },
        {
            "class_name": "Input",
            "sub": [
                {
                "name": "Init",
                "cpu_second": 0.0148300708970055,
                "calls": 1,
                "cpu_second_per_call": 0.014830070897005,
                "cpu_second_per_total": 0.320262872345232
                }
            ]
        },
        {
            "class_name": "Input_Conv",
            "sub": [
                {
                "name": "Convert",
                "cpu_second": 0.000300692510791123,
                "calls": 1,
                "cpu_second_per_call": 0.000300692510791,
                "cpu_second_per_total": 0.006493606663614
                }
            ]
        }
    ]
}
