{
    "total": 0.0207179,
    "sub": [
        {
            "class_name": "Driver",
            "sub": [
                {
                "name": "driver_line",
                "cpu_second": 0,
                "calls": 1,
                "cpu_second_per_call": 0.000000000000000,
                "cpu_second_per_total": 0.000000000000000
                },
                {
                "name": "reading",
                "cpu_second": 0.020231639,
                "calls": 1,
                "cpu_second_per_call": 0.020231639000000,
                "cpu_second_per_total": 0.976529661917873
                }
            ]
        },
        {
            "class_name": "Input",
            "sub": [
                {
                "name": "Init",
                "cpu_second": 0.01801225,
                "calls": 1,
                "cpu_second_per_call": 0.018012250000000,
                "cpu_second_per_total": 0.869405410153879
                }
            ]
        },
        {
            "class_name": "Input_Conv",
            "sub": [
                {
                "name": "Convert",
                "cpu_second": 0.000486949,
                "calls": 1,
                "cpu_second_per_call": 0.000486949000000,
                "cpu_second_per_total": 0.023503787426281
                }
            ]
        }
    ]
}
