{
    "total": 0.0118549,
    "sub": [
        {
            "class_name": "Driver",
            "sub": [
                {
                "name": "driver_line",
                "cpu_second": 0,
                "calls": 1,
                "cpu_second_per_call": 0.000000000000000,
                "cpu_second_per_total": 0.000000000000000
                },
                {
                "name": "reading",
                "cpu_second": 0.011402927,
                "calls": 1,
                "cpu_second_per_call": 0.011402927000000,
                "cpu_second_per_total": 0.961874664642862
                }
            ]
        },
        {
            "class_name": "Input",
            "sub": [
                {
                "name": "Init",
                "cpu_second": 0.00902215,
                "calls": 1,
                "cpu_second_per_call": 0.009022150000000,
                "cpu_second_per_total": 0.761048238369640
                }
            ]
        },
        {
            "class_name": "Input_Conv",
            "sub": [
                {
                "name": "Convert",
                "cpu_second": 0.000522512000000001,
                "calls": 1,
                "cpu_second_per_call": 0.000522512000000,
                "cpu_second_per_total": 0.044075618020871
                }
            ]
        }
    ]
}
