{
    "total": 0.00783119,
    "sub": [
        {
            "class_name": "Driver",
            "sub": [
                {
                "name": "driver_line",
                "cpu_second": 0,
                "calls": 1,
                "cpu_second_per_call": 0.000000000000000,
                "cpu_second_per_total": 0.000000000000000
                },
                {
                "name": "reading",
                "cpu_second": 0.006946954,
                "calls": 1,
                "cpu_second_per_call": 0.006946954000000,
                "cpu_second_per_total": 0.887088366947229
                }
            ]
        },
        {
            "class_name": "Input",
            "sub": [
                {
                "name": "Init",
                "cpu_second": 0.002253183,
                "calls": 1,
                "cpu_second_per_call": 0.002253183000000,
                "cpu_second_per_total": 0.287719254784652
                }
            ]
        },
        {
            "class_name": "Input_Conv",
            "sub": [
                {
                "name": "Convert",
                "cpu_second": 0.00099064,
                "calls": 1,
                "cpu_second_per_call": 0.000990640000000,
                "cpu_second_per_total": 0.126499357823962
                }
            ]
        }
    ]
}
