{
    "total": 0.0051257,
    "sub": [
        {
            "class_name": "Driver",
            "sub": [
                {
                "name": "driver_line",
                "cpu_second": 0,
                "calls": 1,
                "cpu_second_per_call": 0.000000000000000,
                "cpu_second_per_total": 0.000000000000000
                },
                {
                "name": "reading",
                "cpu_second": 0.004747117,
                "calls": 1,
                "cpu_second_per_call": 0.004747117000000,
                "cpu_second_per_total": 0.926140595875918
                }
            ]
        },
        {
            "class_name": "Input",
            "sub": [
                {
                "name": "Init",
                "cpu_second": 0.003006529,
                "calls": 1,
                "cpu_second_per_call": 0.003006529000000,
                "cpu_second_per_total": 0.586559918278447
                }
            ]
        },
        {
            "class_name": "Input_Conv",
            "sub": [
                {
                "name": "Convert",
                "cpu_second": 0.000421987,
                "calls": 1,
                "cpu_second_per_call": 0.000421987000000,
                "cpu_second_per_total": 0.082327714196193
                }
            ]
        }
    ]
}
