{
    "total": 0.00456398,
    "sub": [
        {
            "class_name": "Driver",
            "sub": [
                {
                "name": "driver_line",
                "cpu_second": 0,
                "calls": 1,
                "cpu_second_per_call": 0.000000000000000,
                "cpu_second_per_total": 0.000000000000000
                },
                {
                "name": "reading",
                "cpu_second": 0.004137341,
                "calls": 1,
                "cpu_second_per_call": 0.004137341000000,
                "cpu_second_per_total": 0.906519412311828
                }
            ]
        },
        {
            "class_name": "Input",
            "sub": [
                {
                "name": "Init",
                "cpu_second": 0.002243349,
                "calls": 1,
                "cpu_second_per_call": 0.002243349000000,
                "cpu_second_per_total": 0.491532947632387
                }
            ]
        },
        {
            "class_name": "Input_Conv",
            "sub": [
                {
                "name": "Convert",
                "cpu_second": 0.000499649,
                "calls": 1,
                "cpu_second_per_call": 0.000499649000000,
                "cpu_second_per_total": 0.109476477245214
                }
            ]
        }
    ]
}
