{
    "total": 0.0115916,
    "sub": [
        {
            "class_name": "Driver",
            "sub": [
                {
                "name": "driver_line",
                "cpu_second": 0,
                "calls": 1,
                "cpu_second_per_call": 0.000000000000000,
                "cpu_second_per_total": 0.000000000000000
                },
                {
                "name": "reading",
                "cpu_second": 0.010236637,
                "calls": 1,
                "cpu_second_per_call": 0.010236637000000,
                "cpu_second_per_total": 0.883105075459117
                }
            ]
        },
        {
            "class_name": "Input",
            "sub": [
                {
                "name": "Init",
                "cpu_second": 0.005573732,
                "calls": 1,
                "cpu_second_per_call": 0.005573732000000,
                "cpu_second_per_total": 0.480840633349497
                }
            ]
        },
        {
            "class_name": "Input_Conv",
            "sub": [
                {
                "name": "Convert",
                "cpu_second": 0.000892868,
                "calls": 1,
                "cpu_second_per_call": 0.000892868000000,
                "cpu_second_per_total": 0.077026885149393
                }
            ]
        }
    ]
}
