{
    "total": 0.0458441,
    "sub": [
        {
            "class_name": "Driver",
            "sub": [
                {
                "name": "driver_line",
                "cpu_second": 0,
                "calls": 1,
                "cpu_second_per_call": 0.000000000000000,
                "cpu_second_per_total": 0.000000000000000
                },
                {
                "name": "reading",
                "cpu_second": 0.029210502281785,
                "calls": 1,
                "cpu_second_per_call": 0.029210502281785,
                "cpu_second_per_total": 0.637169962390420
                }
            ]
        },
        {
            "class_name": "Input",
            "sub": [
                {
                "name": "Init",
                "cpu_second": 0.013845443027094,
                "calls": 1,
                "cpu_second_per_call": 0.013845443027094,
                "cpu_second_per_total": 0.302011253615222
                }
            ]
        },
        {
            "class_name": "Input_Conv",
            "sub": [
                {
                "name": "Convert",
                "cpu_second": 0.000311097828671336,
                "calls": 1,
                "cpu_second_per_call": 0.000311097828671,
                "cpu_second_per_total": 0.006785990527724
                }
            ]
        }
    ]
}
