{
    "total": 0.00340121,
    "sub": [
        {
            "class_name": "Driver",
            "sub": [
                {
                "name": "driver_line",
                "cpu_second": 0,
                "calls": 1,
                "cpu_second_per_call": 0.000000000000000,
                "cpu_second_per_total": 0.000000000000000
                },
                {
                "name": "reading",
                "cpu_second": 0.003162926,
                "calls": 1,
                "cpu_second_per_call": 0.003162926000000,
                "cpu_second_per_total": 0.929941950036575
                }
            ]
        },
        {
            "class_name": "Input",
            "sub": [
                {
                "name": "Init",
                "cpu_second": 0.002017319,
                "calls": 1,
                "cpu_second_per_call": 0.002017319000000,
                "cpu_second_per_total": 0.593118386173383
                }
            ]
        },
        {
            "class_name": "Input_Conv",
            "sub": [
                {
                "name": "Convert",
                "cpu_second": 0.000290551,
                "calls": 1,
                "cpu_second_per_call": 0.000290551000000,
                "cpu_second_per_total": 0.085425825177408
                }
            ]
        }
    ]
}
