{
    "total": 0.004074,
    "sub": [
        {
            "class_name": "Driver",
            "sub": [
                {
                "name": "driver_line",
                "cpu_second": 0,
                "calls": 1,
                "cpu_second_per_call": 0.000000000000000,
                "cpu_second_per_total": 0.000000000000000
                },
                {
                "name": "reading",
                "cpu_second": 0.00363783,
                "calls": 1,
                "cpu_second_per_call": 0.003637830000000,
                "cpu_second_per_total": 0.892939240229799
                }
            ]
        },
        {
            "class_name": "Input",
            "sub": [
                {
                "name": "Init",
                "cpu_second": 0.001224694,
                "calls": 1,
                "cpu_second_per_call": 0.001224694000000,
                "cpu_second_per_total": 0.300612543707098
                }
            ]
        },
        {
            "class_name": "Input_Conv",
            "sub": [
                {
                "name": "Convert",
                "cpu_second": 0.000523049,
                "calls": 1,
                "cpu_second_per_call": 0.000523049000000,
                "cpu_second_per_total": 0.128387246425192
                }
            ]
        }
    ]
}
