{
    "total": 0.00674239,
    "sub": [
        {
            "class_name": "Driver",
            "sub": [
                {
                "name": "driver_line",
                "cpu_second": 0,
                "calls": 1,
                "cpu_second_per_call": 0.000000000000000,
                "cpu_second_per_total": 0.000000000000000
                },
                {
                "name": "reading",
                "cpu_second": 0.006439245,
                "calls": 1,
                "cpu_second_per_call": 0.006439245000000,
                "cpu_second_per_total": 0.955039506785877
                }
            ]
        },
        {
            "class_name": "Input",
            "sub": [
                {
                "name": "Init",
                "cpu_second": 0.004980451,
                "calls": 1,
                "cpu_second_per_call": 0.004980451000000,
                "cpu_second_per_total": 0.738677821174878
                }
            ]
        },
        {
            "class_name": "Input_Conv",
            "sub": [
                {
                "name": "Convert",
                "cpu_second": 0.000349863,
                "calls": 1,
                "cpu_second_per_call": 0.000349863000000,
                "cpu_second_per_total": 0.051890087574339
                }
            ]
        }
    ]
}
