{
    "total": 0.0670268,
    "sub": [
        {
            "class_name": "Driver",
            "sub": [
                {
                "name": "driver_line",
                "cpu_second": 0,
                "calls": 1,
                "cpu_second_per_call": 0.000000000000000,
                "cpu_second_per_total": 0.000000000000000
                },
                {
                "name": "reading",
                "cpu_second": 0.0462944059399888,
                "calls": 1,
                "cpu_second_per_call": 0.046294405939989,
                "cpu_second_per_total": 0.690685373259224
                }
            ]
        },
        {
            "class_name": "Input",
            "sub": [
                {
                "name": "Init",
                "cpu_second": 0.0289656954118982,
                "calls": 1,
                "cpu_second_per_call": 0.028965695411898,
                "cpu_second_per_total": 0.432151179846952
                }
            ]
        },
        {
            "class_name": "Input_Conv",
            "sub": [
                {
                "name": "Convert",
                "cpu_second": 0.000306617701426148,
                "calls": 1,
                "cpu_second_per_call": 0.000306617701426,
                "cpu_second_per_total": 0.004574556196529
                }
            ]
        }
    ]
}
