{
    "total": 0.00399714,
    "sub": [
        {
            "class_name": "Driver",
            "sub": [
                {
                "name": "driver_line",
                "cpu_second": 0,
                "calls": 1,
                "cpu_second_per_call": 0.000000000000000,
                "cpu_second_per_total": 0.000000000000000
                },
                {
                "name": "reading",
                "cpu_second": 0.0035492,
                "calls": 1,
                "cpu_second_per_call": 0.003549200000000,
                "cpu_second_per_total": 0.887934873434506
                }
            ]
        },
        {
            "class_name": "Input",
            "sub": [
                {
                "name": "Init",
                "cpu_second": 0.001387102,
                "calls": 1,
                "cpu_second_per_call": 0.001387102000000,
                "cpu_second_per_total": 0.347023621889651
                }
            ]
        },
        {
            "class_name": "Input_Conv",
            "sub": [
                {
                "name": "Convert",
                "cpu_second": 0.000454681,
                "calls": 1,
                "cpu_second_per_call": 0.000454681000000,
                "cpu_second_per_total": 0.113751582381403
                }
            ]
        }
    ]
}
