{
    "total": 0.00535585,
    "sub": [
        {
            "class_name": "Driver",
            "sub": [
                {
                "name": "driver_line",
                "cpu_second": 0,
                "calls": 1,
                "cpu_second_per_call": 0.000000000000000,
                "cpu_second_per_total": 0.000000000000000
                },
                {
                "name": "reading",
                "cpu_second": 0.004852631,
                "calls": 1,
                "cpu_second_per_call": 0.004852631000000,
                "cpu_second_per_total": 0.906043111737633
                }
            ]
        },
        {
            "class_name": "Input",
            "sub": [
                {
                "name": "Init",
                "cpu_second": 0.002302952,
                "calls": 1,
                "cpu_second_per_call": 0.002302952000000,
                "cpu_second_per_total": 0.429988143805372
                }
            ]
        },
        {
            "class_name": "Input_Conv",
            "sub": [
                {
                "name": "Convert",
                "cpu_second": 0.000503376,
                "calls": 1,
                "cpu_second_per_call": 0.000503376000000,
                "cpu_second_per_total": 0.093986202003417
                }
            ]
        }
    ]
}
