{
    "total": 0.0090863,
    "sub": [
        {
            "class_name": "Driver",
            "sub": [
                {
                "name": "driver_line",
                "cpu_second": 0,
                "calls": 1,
                "cpu_second_per_call": 0.000000000000000,
                "cpu_second_per_total": 0.000000000000000
                },
                {
                "name": "reading",
                "cpu_second": 0.008289155,
                "calls": 1,
                "cpu_second_per_call": 0.008289155000000,
                "cpu_second_per_total": 0.912269871874098
                }
            ]
        },
        {
            "class_name": "Input",
            "sub": [
                {
                "name": "Init",
                "cpu_second": 0.00467149,
                "calls": 1,
                "cpu_second_per_call": 0.004671490000000,
                "cpu_second_per_total": 0.514124730899727
                }
            ]
        },
        {
            "class_name": "Input_Conv",
            "sub": [
                {
                "name": "Convert",
                "cpu_second": 0.000855547,
                "calls": 1,
                "cpu_second_per_call": 0.000855547000000,
                "cpu_second_per_total": 0.094157939147268
                }
            ]
        }
    ]
}
