{
    "total": 0.00789964,
    "sub": [
        {
            "class_name": "Driver",
            "sub": [
                {
                "name": "driver_line",
                "cpu_second": 0,
                "calls": 1,
                "cpu_second_per_call": 0.000000000000000,
                "cpu_second_per_total": 0.000000000000000
                },
                {
                "name": "reading",
                "cpu_second": 0.007462557,
                "calls": 1,
                "cpu_second_per_call": 0.007462557000000,
                "cpu_second_per_total": 0.944670277463207
                }
            ]
        },
        {
            "class_name": "Input",
            "sub": [
                {
                "name": "Init",
                "cpu_second": 0.005206443,
                "calls": 1,
                "cpu_second_per_call": 0.005206443000000,
                "cpu_second_per_total": 0.659073284586821
                }
            ]
        },
        {
            "class_name": "Input_Conv",
            "sub": [
                {
                "name": "Convert",
                "cpu_second": 0.000482651,
                "calls": 1,
                "cpu_second_per_call": 0.000482651000000,
                "cpu_second_per_total": 0.061097832028337
                }
            ]
        }
    ]
}
