{
    "total": 0.00533241,
    "sub": [
        {
            "class_name": "Driver",
            "sub": [
                {
                "name": "driver_line",
                "cpu_second": 0,
                "calls": 1,
                "cpu_second_per_call": 0.000000000000000,
                "cpu_second_per_total": 0.000000000000000
                },
                {
                "name": "reading",
                "cpu_second": 0.004858614,
                "calls": 1,
                "cpu_second_per_call": 0.004858614000000,
                "cpu_second_per_total": 0.911148550954297
                }
            ]
        },
        {
            "class_name": "Input",
            "sub": [
                {
                "name": "Init",
                "cpu_second": 0.002783146,
                "calls": 1,
                "cpu_second_per_call": 0.002783146000000,
                "cpu_second_per_total": 0.521930625687541
                }
            ]
        },
        {
            "class_name": "Input_Conv",
            "sub": [
                {
                "name": "Convert",
                "cpu_second": 0.000509808,
                "calls": 1,
                "cpu_second_per_call": 0.000509808000000,
                "cpu_second_per_total": 0.095605623427774
                }
            ]
        }
    ]
}
