{
    "total": 0.00679346,
    "sub": [
        {
            "class_name": "Driver",
            "sub": [
                {
                "name": "driver_line",
                "cpu_second": 0,
                "calls": 1,
                "cpu_second_per_call": 0.000000000000000,
                "cpu_second_per_total": 0.000000000000000
                },
                {
                "name": "reading",
                "cpu_second": 0.006234699,
                "calls": 1,
                "cpu_second_per_call": 0.006234699000000,
                "cpu_second_per_total": 0.917750024619263
                }
            ]
        },
        {
            "class_name": "Input",
            "sub": [
                {
                "name": "Init",
                "cpu_second": 0.001985024,
                "calls": 1,
                "cpu_second_per_call": 0.001985024000000,
                "cpu_second_per_total": 0.292196275212296
                }
            ]
        },
        {
            "class_name": "Input_Conv",
            "sub": [
                {
                "name": "Convert",
                "cpu_second": 0.000992667,
                "calls": 1,
                "cpu_second_per_call": 0.000992667000000,
                "cpu_second_per_total": 0.146120953664119
                }
            ]
        }
    ]
}
