{
    "total": 0.00563043,
    "sub": [
        {
            "class_name": "Driver",
            "sub": [
                {
                "name": "driver_line",
                "cpu_second": 0,
                "calls": 1,
                "cpu_second_per_call": 0.000000000000000,
                "cpu_second_per_total": 0.000000000000000
                },
                {
                "name": "reading",
                "cpu_second": 0.005037102,
                "calls": 1,
                "cpu_second_per_call": 0.005037102000000,
                "cpu_second_per_total": 0.894621510123209
                }
            ]
        },
        {
            "class_name": "Input",
            "sub": [
                {
                "name": "Init",
                "cpu_second": 0.001720739,
                "calls": 1,
                "cpu_second_per_call": 0.001720739000000,
                "cpu_second_per_total": 0.305614244600943
                }
            ]
        },
        {
            "class_name": "Input_Conv",
            "sub": [
                {
                "name": "Convert",
                "cpu_second": 0.000696283,
                "calls": 1,
                "cpu_second_per_call": 0.000696283000000,
                "cpu_second_per_total": 0.123664311132298
                }
            ]
        }
    ]
}
