{
    "total": 0.00819008,
    "sub": [
        {
            "class_name": "Driver",
            "sub": [
                {
                "name": "driver_line",
                "cpu_second": 0,
                "calls": 1,
                "cpu_second_per_call": 0.000000000000000,
                "cpu_second_per_total": 0.000000000000000
                },
                {
                "name": "reading",
                "cpu_second": 0.007279547,
                "calls": 1,
                "cpu_second_per_call": 0.007279547000000,
                "cpu_second_per_total": 0.888824786958761
                }
            ]
        },
        {
            "class_name": "Input",
            "sub": [
                {
                "name": "Init",
                "cpu_second": 0.002751712,
                "calls": 1,
                "cpu_second_per_call": 0.002751712000000,
                "cpu_second_per_total": 0.335981048294883
                }
            ]
        },
        {
            "class_name": "Input_Conv",
            "sub": [
                {
                "name": "Convert",
                "cpu_second": 0.000888978,
                "calls": 1,
                "cpu_second_per_call": 0.000888978000000,
                "cpu_second_per_total": 0.108543248839663
                }
            ]
        }
    ]
}
