{
    "total": 0.0137507,
    "sub": [
        {
            "class_name": "Driver",
            "sub": [
                {
                "name": "driver_line",
                "cpu_second": 0,
                "calls": 1,
                "cpu_second_per_call": 0.000000000000000,
                "cpu_second_per_total": 0.000000000000000
                },
                {
                "name": "reading",
                "cpu_second": 0.012638225,
                "calls": 1,
                "cpu_second_per_call": 0.012638225000000,
                "cpu_second_per_total": 0.919095108141926
                }
            ]
        },
        {
            "class_name": "Input",
            "sub": [
                {
                "name": "Init",
                "cpu_second": 0.006369888,
                "calls": 1,
                "cpu_second_per_call": 0.006369888000000,
                "cpu_second_per_total": 0.463240122739701
                }
            ]
        },
        {
            "class_name": "Input_Conv",
            "sub": [
                {
                "name": "Convert",
                "cpu_second": 0.001447136,
                "calls": 1,
                "cpu_second_per_call": 0.001447136000000,
                "cpu_second_per_total": 0.105240697836609
                }
            ]
        }
    ]
}
