{
    "total": 0.00831307,
    "sub": [
        {
            "class_name": "Driver",
            "sub": [
                {
                "name": "driver_line",
                "cpu_second": 0,
                "calls": 1,
                "cpu_second_per_call": 0.000000000000000,
                "cpu_second_per_total": 0.000000000000000
                },
                {
                "name": "reading",
                "cpu_second": 0.00755669,
                "calls": 1,
                "cpu_second_per_call": 0.007556690000000,
                "cpu_second_per_total": 0.909012719001419
                }
            ]
        },
        {
            "class_name": "Input",
            "sub": [
                {
                "name": "Init",
                "cpu_second": 0.002711136,
                "calls": 1,
                "cpu_second_per_call": 0.002711136000000,
                "cpu_second_per_total": 0.326129179170064
                }
            ]
        },
        {
            "class_name": "Input_Conv",
            "sub": [
                {
                "name": "Convert",
                "cpu_second": 0.000970151,
                "calls": 1,
                "cpu_second_per_call": 0.000970151000000,
                "cpu_second_per_total": 0.116701836167945
                }
            ]
        }
    ]
}
