{
    "total": 0.00443413,
    "sub": [
        {
            "class_name": "Driver",
            "sub": [
                {
                "name": "driver_line",
                "cpu_second": 0,
                "calls": 1,
                "cpu_second_per_call": 0.000000000000000,
                "cpu_second_per_total": 0.000000000000000
                },
                {
                "name": "reading",
                "cpu_second": 0.003961805,
                "calls": 1,
                "cpu_second_per_call": 0.003961805000000,
                "cpu_second_per_total": 0.893478660437718
                }
            ]
        },
        {
            "class_name": "Input",
            "sub": [
                {
                "name": "Init",
                "cpu_second": 0.001413939,
                "calls": 1,
                "cpu_second_per_call": 0.001413939000000,
                "cpu_second_per_total": 0.318875947619998
                }
            ]
        },
        {
            "class_name": "Input_Conv",
            "sub": [
                {
                "name": "Convert",
                "cpu_second": 0.000476585,
                "calls": 1,
                "cpu_second_per_call": 0.000476585000000,
                "cpu_second_per_total": 0.107480940476553
                }
            ]
        }
    ]
}
