{
    "total": 0.00409139,
    "sub": [
        {
            "class_name": "Driver",
            "sub": [
                {
                "name": "driver_line",
                "cpu_second": 0,
                "calls": 1,
                "cpu_second_per_call": 0.000000000000000,
                "cpu_second_per_total": 0.000000000000000
                },
                {
                "name": "reading",
                "cpu_second": 0.003656637,
                "calls": 1,
                "cpu_second_per_call": 0.003656637000000,
                "cpu_second_per_total": 0.893738662177243
                }
            ]
        },
        {
            "class_name": "Input",
            "sub": [
                {
                "name": "Init",
                "cpu_second": 0.001466655,
                "calls": 1,
                "cpu_second_per_call": 0.001466655000000,
                "cpu_second_per_total": 0.358473175646247
                }
            ]
        },
        {
            "class_name": "Input_Conv",
            "sub": [
                {
                "name": "Convert",
                "cpu_second": 0.000444382,
                "calls": 1,
                "cpu_second_per_call": 0.000444382000000,
                "cpu_second_per_total": 0.108613836750995
                }
            ]
        }
    ]
}
