{
    "total": 0.00447005,
    "sub": [
        {
            "class_name": "Driver",
            "sub": [
                {
                "name": "driver_line",
                "cpu_second": 0,
                "calls": 1,
                "cpu_second_per_call": 0.000000000000000,
                "cpu_second_per_total": 0.000000000000000
                },
                {
                "name": "reading",
                "cpu_second": 0.003934889,
                "calls": 1,
                "cpu_second_per_call": 0.003934889000000,
                "cpu_second_per_total": 0.880278717302652
                }
            ]
        },
        {
            "class_name": "Input",
            "sub": [
                {
                "name": "Init",
                "cpu_second": 0.00120668,
                "calls": 1,
                "cpu_second_per_call": 0.001206680000000,
                "cpu_second_per_total": 0.269947823838173
                }
            ]
        },
        {
            "class_name": "Input_Conv",
            "sub": [
                {
                "name": "Convert",
                "cpu_second": 0.000515977,
                "calls": 1,
                "cpu_second_per_call": 0.000515977000000,
                "cpu_second_per_total": 0.115429830858677
                }
            ]
        }
    ]
}
