{
    "total": 0.00589,
    "sub": [
        {
            "class_name": "Driver",
            "sub": [
                {
                "name": "driver_line",
                "cpu_second": 0,
                "calls": 1,
                "cpu_second_per_call": 0.000000000000000,
                "cpu_second_per_total": 0.000000000000000
                },
                {
                "name": "reading",
                "cpu_second": 0.005183399,
                "calls": 1,
                "cpu_second_per_call": 0.005183399000000,
                "cpu_second_per_total": 0.880033337843801
                }
            ]
        },
        {
            "class_name": "Input",
            "sub": [
                {
                "name": "Init",
                "cpu_second": 0.001225357,
                "calls": 1,
                "cpu_second_per_call": 0.001225357000000,
                "cpu_second_per_total": 0.208040131728286
                }
            ]
        },
        {
            "class_name": "Input_Conv",
            "sub": [
                {
                "name": "Convert",
                "cpu_second": 0.000799926,
                "calls": 1,
                "cpu_second_per_call": 0.000799926000000,
                "cpu_second_per_total": 0.135810796700783
                }
            ]
        }
    ]
}
