{
    "total": 0.00547113,
    "sub": [
        {
            "class_name": "Driver",
            "sub": [
                {
                "name": "driver_line",
                "cpu_second": 0,
                "calls": 1,
                "cpu_second_per_call": 0.000000000000000,
                "cpu_second_per_total": 0.000000000000000
                },
                {
                "name": "reading",
                "cpu_second": 0.004980078,
                "calls": 1,
                "cpu_second_per_call": 0.004980078000000,
                "cpu_second_per_total": 0.910246861296818
                }
            ]
        },
        {
            "class_name": "Input",
            "sub": [
                {
                "name": "Init",
                "cpu_second": 0.003248523,
                "calls": 1,
                "cpu_second_per_call": 0.003248523000000,
                "cpu_second_per_total": 0.593757339664263
                }
            ]
        },
        {
            "class_name": "Input_Conv",
            "sub": [
                {
                "name": "Convert",
                "cpu_second": 0.000402378,
                "calls": 1,
                "cpu_second_per_call": 0.000402378000000,
                "cpu_second_per_total": 0.073545697789250
                }
            ]
        }
    ]
}
