{
    "total": 0.00933445,
    "sub": [
        {
            "class_name": "Driver",
            "sub": [
                {
                "name": "driver_line",
                "cpu_second": 0,
                "calls": 1,
                "cpu_second_per_call": 0.000000000000000,
                "cpu_second_per_total": 0.000000000000000
                },
                {
                "name": "reading",
                "cpu_second": 0.008882872,
                "calls": 1,
                "cpu_second_per_call": 0.008882872000000,
                "cpu_second_per_total": 0.951622940624751
                }
            ]
        },
        {
            "class_name": "Input",
            "sub": [
                {
                "name": "Init",
                "cpu_second": 0.006609263,
                "calls": 1,
                "cpu_second_per_call": 0.006609263000000,
                "cpu_second_per_total": 0.708050987498453
                }
            ]
        },
        {
            "class_name": "Input_Conv",
            "sub": [
                {
                "name": "Convert",
                "cpu_second": 0.000531183,
                "calls": 1,
                "cpu_second_per_call": 0.000531183000000,
                "cpu_second_per_total": 0.056905686411993
                }
            ]
        }
    ]
}
