{
    "total": 0.0112489,
    "sub": [
        {
            "class_name": "Driver",
            "sub": [
                {
                "name": "driver_line",
                "cpu_second": 0,
                "calls": 1,
                "cpu_second_per_call": 0.000000000000000,
                "cpu_second_per_total": 0.000000000000000
                },
                {
                "name": "reading",
                "cpu_second": 0.01008184,
                "calls": 1,
                "cpu_second_per_call": 0.010081840000000,
                "cpu_second_per_total": 0.896254455674127
                }
            ]
        },
        {
            "class_name": "Input",
            "sub": [
                {
                "name": "Init",
                "cpu_second": 0.00279386,
                "calls": 1,
                "cpu_second_per_call": 0.002793860000000,
                "cpu_second_per_total": 0.248368301176146
                }
            ]
        },
        {
            "class_name": "Input_Conv",
            "sub": [
                {
                "name": "Convert",
                "cpu_second": 0.001574133,
                "calls": 1,
                "cpu_second_per_call": 0.001574133000000,
                "cpu_second_per_total": 0.139937126067631
                }
            ]
        }
    ]
}
