{
    "total": 0.0100655,
    "sub": [
        {
            "class_name": "Driver",
            "sub": [
                {
                "name": "driver_line",
                "cpu_second": 0,
                "calls": 1,
                "cpu_second_per_call": 0.000000000000000,
                "cpu_second_per_total": 0.000000000000000
                },
                {
                "name": "reading",
                "cpu_second": 0.009537716,
                "calls": 1,
                "cpu_second_per_call": 0.009537716000000,
                "cpu_second_per_total": 0.947565425489216
                }
            ]
        },
        {
            "class_name": "Input",
            "sub": [
                {
                "name": "Init",
                "cpu_second": 0.007470438,
                "calls": 1,
                "cpu_second_per_call": 0.007470438000000,
                "cpu_second_per_total": 0.742182799536158
                }
            ]
        },
        {
            "class_name": "Input_Conv",
            "sub": [
                {
                "name": "Convert",
                "cpu_second": 0.000504467,
                "calls": 1,
                "cpu_second_per_call": 0.000504467000000,
                "cpu_second_per_total": 0.050118444237621
                }
            ]
        }
    ]
}
