{
    "total": 0.00547386,
    "sub": [
        {
            "class_name": "Driver",
            "sub": [
                {
                "name": "driver_line",
                "cpu_second": 0,
                "calls": 1,
                "cpu_second_per_call": 0.000000000000000,
                "cpu_second_per_total": 0.000000000000000
                },
                {
                "name": "reading",
                "cpu_second": 0.004971944,
                "calls": 1,
                "cpu_second_per_call": 0.004971944000000,
                "cpu_second_per_total": 0.908307084326996
                }
            ]
        },
        {
            "class_name": "Input",
            "sub": [
                {
                "name": "Init",
                "cpu_second": 0.002317749,
                "calls": 1,
                "cpu_second_per_call": 0.002317749000000,
                "cpu_second_per_total": 0.423421469829871
                }
            ]
        },
        {
            "class_name": "Input_Conv",
            "sub": [
                {
                "name": "Convert",
                "cpu_second": 0.000538115,
                "calls": 1,
                "cpu_second_per_call": 0.000538115000000,
                "cpu_second_per_total": 0.098306349927236
                }
            ]
        }
    ]
}
