{
    "total": 0.0713157,
    "sub": [
        {
            "class_name": "Driver",
            "sub": [
                {
                "name": "driver_line",
                "cpu_second": 0,
                "calls": 1,
                "cpu_second_per_call": 0.000000000000000,
                "cpu_second_per_total": 0.000000000000000
                },
                {
                "name": "reading",
                "cpu_second": 0.0348029832821339,
                "calls": 1,
                "cpu_second_per_call": 0.034802983282134,
                "cpu_second_per_total": 0.488012899581692
                }
            ]
        },
        {
            "class_name": "Input",
            "sub": [
                {
                "name": "Init",
                "cpu_second": 0.0256957095116377,
                "calls": 1,
                "cpu_second_per_call": 0.025695709511638,
                "cpu_second_per_total": 0.360309275901083
                }
            ]
        },
        {
            "class_name": "Input_Conv",
            "sub": [
                {
                "name": "Convert",
                "cpu_second": 0.000300659914501011,
                "calls": 1,
                "cpu_second_per_call": 0.000300659914501,
                "cpu_second_per_total": 0.004215900558701
                }
            ]
        }
    ]
}
