{
    "total": 0.00769168,
    "sub": [
        {
            "class_name": "Driver",
            "sub": [
                {
                "name": "driver_line",
                "cpu_second": 0,
                "calls": 1,
                "cpu_second_per_call": 0.000000000000000,
                "cpu_second_per_total": 0.000000000000000
                },
                {
                "name": "reading",
                "cpu_second": 0.006865648,
                "calls": 1,
                "cpu_second_per_call": 0.006865648000000,
                "cpu_second_per_total": 0.892606612544145
                }
            ]
        },
        {
            "class_name": "Input",
            "sub": [
                {
                "name": "Init",
                "cpu_second": 0.002359189,
                "calls": 1,
                "cpu_second_per_call": 0.002359189000000,
                "cpu_second_per_total": 0.306719438812099
                }
            ]
        },
        {
            "class_name": "Input_Conv",
            "sub": [
                {
                "name": "Convert",
                "cpu_second": 0.000939105,
                "calls": 1,
                "cpu_second_per_call": 0.000939105000000,
                "cpu_second_per_total": 0.122093549344981
                }
            ]
        }
    ]
}
