{
    "total": 0.0703191,
    "sub": [
        {
            "class_name": "Driver",
            "sub": [
                {
                "name": "driver_line",
                "cpu_second": 0,
                "calls": 1,
                "cpu_second_per_call": 0.000000000000000,
                "cpu_second_per_total": 0.000000000000000
                },
                {
                "name": "reading",
                "cpu_second": 0.0450104877818376,
                "calls": 1,
                "cpu_second_per_call": 0.045010487781838,
                "cpu_second_per_total": 0.640089042168514
                }
            ]
        },
        {
            "class_name": "Input",
            "sub": [
                {
                "name": "Init",
                "cpu_second": 0.0267971927532926,
                "calls": 1,
                "cpu_second_per_call": 0.026797192753293,
                "cpu_second_per_total": 0.381079839112107
                }
            ]
        },
        {
            "class_name": "Input_Conv",
            "sub": [
                {
                "name": "Convert",
                "cpu_second": 0.000297122751362622,
                "calls": 1,
                "cpu_second_per_call": 0.000297122751363,
                "cpu_second_per_total": 0.004225348950849
                }
            ]
        }
    ]
}
