{
    "total": 0.0112346,
    "sub": [
        {
            "class_name": "Driver",
            "sub": [
                {
                "name": "driver_line",
                "cpu_second": 0,
                "calls": 1,
                "cpu_second_per_call": 0.000000000000000,
                "cpu_second_per_total": 0.000000000000000
                },
                {
                "name": "reading",
                "cpu_second": 0.010438168,
                "calls": 1,
                "cpu_second_per_call": 0.010438168000000,
                "cpu_second_per_total": 0.929106852333135
                }
            ]
        },
        {
            "class_name": "Input",
            "sub": [
                {
                "name": "Init",
                "cpu_second": 0.005712325,
                "calls": 1,
                "cpu_second_per_call": 0.005712325000000,
                "cpu_second_per_total": 0.508457068352787
                }
            ]
        },
        {
            "class_name": "Input_Conv",
            "sub": [
                {
                "name": "Convert",
                "cpu_second": 0.001501739,
                "calls": 1,
                "cpu_second_per_call": 0.001501739000000,
                "cpu_second_per_total": 0.133670582358505
                }
            ]
        }
    ]
}
