{
    "total": 0.00621787,
    "sub": [
        {
            "class_name": "Driver",
            "sub": [
                {
                "name": "driver_line",
                "cpu_second": 0,
                "calls": 1,
                "cpu_second_per_call": 0.000000000000000,
                "cpu_second_per_total": 0.000000000000000
                },
                {
                "name": "reading",
                "cpu_second": 0.00561005900000003,
                "calls": 1,
                "cpu_second_per_call": 0.005610059000000,
                "cpu_second_per_total": 0.902247424842457
                }
            ]
        },
        {
            "class_name": "Input",
            "sub": [
                {
                "name": "Init",
                "cpu_second": 0.00219903699999996,
                "calls": 1,
                "cpu_second_per_call": 0.002199037000000,
                "cpu_second_per_total": 0.353663922319398
                }
            ]
        },
        {
            "class_name": "Input_Conv",
            "sub": [
                {
                "name": "Convert",
                "cpu_second": 0.000836377999999915,
                "calls": 1,
                "cpu_second_per_call": 0.000836378000000,
                "cpu_second_per_total": 0.134511935916325
                }
            ]
        }
    ]
}
