{
    "total": 0.00619333,
    "sub": [
        {
            "class_name": "Driver",
            "sub": [
                {
                "name": "driver_line",
                "cpu_second": 0,
                "calls": 1,
                "cpu_second_per_call": 0.000000000000000,
                "cpu_second_per_total": 0.000000000000000
                },
                {
                "name": "reading",
                "cpu_second": 0.005399378,
                "calls": 1,
                "cpu_second_per_call": 0.005399378000000,
                "cpu_second_per_total": 0.871805031604958
                }
            ]
        },
        {
            "class_name": "Input",
            "sub": [
                {
                "name": "Init",
                "cpu_second": 0.001380496,
                "calls": 1,
                "cpu_second_per_call": 0.001380496000000,
                "cpu_second_per_total": 0.222900370915042
                }
            ]
        },
        {
            "class_name": "Input_Conv",
            "sub": [
                {
                "name": "Convert",
                "cpu_second": 0.000810235,
                "calls": 1,
                "cpu_second_per_call": 0.000810235000000,
                "cpu_second_per_total": 0.130823763363566
                }
            ]
        }
    ]
}
