{
    "total": 0.00812042,
    "sub": [
        {
            "class_name": "Driver",
            "sub": [
                {
                "name": "driver_line",
                "cpu_second": 0,
                "calls": 1,
                "cpu_second_per_call": 0.000000000000000,
                "cpu_second_per_total": 0.000000000000000
                },
                {
                "name": "reading",
                "cpu_second": 0.007290858,
                "calls": 1,
                "cpu_second_per_call": 0.007290858000000,
                "cpu_second_per_total": 0.897842033864242
                }
            ]
        },
        {
            "class_name": "Input",
            "sub": [
                {
                "name": "Init",
                "cpu_second": 0.002564546,
                "calls": 1,
                "cpu_second_per_call": 0.002564546000000,
                "cpu_second_per_total": 0.315814297381516
                }
            ]
        },
        {
            "class_name": "Input_Conv",
            "sub": [
                {
                "name": "Convert",
                "cpu_second": 0.00094965,
                "calls": 1,
                "cpu_second_per_call": 0.000949650000000,
                "cpu_second_per_total": 0.116945863910554
                }
            ]
        }
    ]
}
