{
    "total": 0.00545994,
    "sub": [
        {
            "class_name": "Driver",
            "sub": [
                {
                "name": "driver_line",
                "cpu_second": 0,
                "calls": 1,
                "cpu_second_per_call": 0.000000000000000,
                "cpu_second_per_total": 0.000000000000000
                },
                {
                "name": "reading",
                "cpu_second": 0.004872418,
                "calls": 1,
                "cpu_second_per_call": 0.004872418000000,
                "cpu_second_per_total": 0.892393565280810
                }
            ]
        },
        {
            "class_name": "Input",
            "sub": [
                {
                "name": "Init",
                "cpu_second": 0.001539829,
                "calls": 1,
                "cpu_second_per_call": 0.001539829000000,
                "cpu_second_per_total": 0.282022907565152
                }
            ]
        },
        {
            "class_name": "Input_Conv",
            "sub": [
                {
                "name": "Convert",
                "cpu_second": 0.000619931,
                "calls": 1,
                "cpu_second_per_call": 0.000619931000000,
                "cpu_second_per_total": 0.113541661515514
                }
            ]
        }
    ]
}
