{
    "total": 0.00442759,
    "sub": [
        {
            "class_name": "Driver",
            "sub": [
                {
                "name": "driver_line",
                "cpu_second": 0,
                "calls": 1,
                "cpu_second_per_call": 0.000000000000000,
                "cpu_second_per_total": 0.000000000000000
                },
                {
                "name": "reading",
                "cpu_second": 0.003956828,
                "calls": 1,
                "cpu_second_per_call": 0.003956828000000,
                "cpu_second_per_total": 0.893676147679571
                }
            ]
        },
        {
            "class_name": "Input",
            "sub": [
                {
                "name": "Init",
                "cpu_second": 0.001412653,
                "calls": 1,
                "cpu_second_per_call": 0.001412653000000,
                "cpu_second_per_total": 0.319057156653761
                }
            ]
        },
        {
            "class_name": "Input_Conv",
            "sub": [
                {
                "name": "Convert",
                "cpu_second": 0.000498901,
                "calls": 1,
                "cpu_second_per_call": 0.000498901000000,
                "cpu_second_per_total": 0.112680137664181
                }
            ]
        }
    ]
}
