{
    "total": 0.00527834,
    "sub": [
        {
            "class_name": "Driver",
            "sub": [
                {
                "name": "driver_line",
                "cpu_second": 0,
                "calls": 1,
                "cpu_second_per_call": 0.000000000000000,
                "cpu_second_per_total": 0.000000000000000
                },
                {
                "name": "reading",
                "cpu_second": 0.004820734,
                "calls": 1,
                "cpu_second_per_call": 0.004820734000000,
                "cpu_second_per_total": 0.913305113597289
                }
            ]
        },
        {
            "class_name": "Input",
            "sub": [
                {
                "name": "Init",
                "cpu_second": 0.002897066,
                "calls": 1,
                "cpu_second_per_call": 0.002897066000000,
                "cpu_second_per_total": 0.548859404445224
                }
            ]
        },
        {
            "class_name": "Input_Conv",
            "sub": [
                {
                "name": "Convert",
                "cpu_second": 0.000444121,
                "calls": 1,
                "cpu_second_per_call": 0.000444121000000,
                "cpu_second_per_total": 0.084140294892011
                }
            ]
        }
    ]
}
