{
    "total": 0.0040903,
    "sub": [
        {
            "class_name": "Driver",
            "sub": [
                {
                "name": "driver_line",
                "cpu_second": 0,
                "calls": 1,
                "cpu_second_per_call": 0.000000000000000,
                "cpu_second_per_total": 0.000000000000000
                },
                {
                "name": "reading",
                "cpu_second": 0.003699549,
                "calls": 1,
                "cpu_second_per_call": 0.003699549000000,
                "cpu_second_per_total": 0.904469307615240
                }
            ]
        },
        {
            "class_name": "Input",
            "sub": [
                {
                "name": "Init",
                "cpu_second": 0.001305486,
                "calls": 1,
                "cpu_second_per_call": 0.001305486000000,
                "cpu_second_per_total": 0.319166476378983
                }
            ]
        },
        {
            "class_name": "Input_Conv",
            "sub": [
                {
                "name": "Convert",
                "cpu_second": 0.000469375,
                "calls": 1,
                "cpu_second_per_call": 0.000469375000000,
                "cpu_second_per_total": 0.114753252696992
                }
            ]
        }
    ]
}
