{
    "total": 0.0156417,
    "sub": [
        {
            "class_name": "Driver",
            "sub": [
                {
                "name": "driver_line",
                "cpu_second": 0,
                "calls": 1,
                "cpu_second_per_call": 0.000000000000000,
                "cpu_second_per_total": 0.000000000000000
                },
                {
                "name": "reading",
                "cpu_second": 0.015350259,
                "calls": 1,
                "cpu_second_per_call": 0.015350259000000,
                "cpu_second_per_total": 0.981370262578925
                }
            ]
        },
        {
            "class_name": "Input",
            "sub": [
                {
                "name": "Init",
                "cpu_second": 0.013457645,
                "calls": 1,
                "cpu_second_per_call": 0.013457645000000,
                "cpu_second_per_total": 0.860371972052325
                }
            ]
        },
        {
            "class_name": "Input_Conv",
            "sub": [
                {
                "name": "Convert",
                "cpu_second": 0.000515508000000001,
                "calls": 1,
                "cpu_second_per_call": 0.000515508000000,
                "cpu_second_per_total": 0.032957373639203
                }
            ]
        }
    ]
}
