{
    "total": 0.0080996,
    "sub": [
        {
            "class_name": "Driver",
            "sub": [
                {
                "name": "driver_line",
                "cpu_second": 0,
                "calls": 1,
                "cpu_second_per_call": 0.000000000000000,
                "cpu_second_per_total": 0.000000000000000
                },
                {
                "name": "reading",
                "cpu_second": 0.007246554,
                "calls": 1,
                "cpu_second_per_call": 0.007246554000000,
                "cpu_second_per_total": 0.894680257128684
                }
            ]
        },
        {
            "class_name": "Input",
            "sub": [
                {
                "name": "Init",
                "cpu_second": 0.00263409,
                "calls": 1,
                "cpu_second_per_call": 0.002634090000000,
                "cpu_second_per_total": 0.325212275862444
                }
            ]
        },
        {
            "class_name": "Input_Conv",
            "sub": [
                {
                "name": "Convert",
                "cpu_second": 0.000965207,
                "calls": 1,
                "cpu_second_per_call": 0.000965207000000,
                "cpu_second_per_total": 0.119167213401350
                }
            ]
        }
    ]
}
