{
    "total": 0.009568,
    "sub": [
        {
            "class_name": "Driver",
            "sub": [
                {
                "name": "driver_line",
                "cpu_second": 0,
                "calls": 1,
                "cpu_second_per_call": 0.000000000000000,
                "cpu_second_per_total": 0.000000000000000
                },
                {
                "name": "reading",
                "cpu_second": 0.008787852,
                "calls": 1,
                "cpu_second_per_call": 0.008787852000000,
                "cpu_second_per_total": 0.918462984628550
                }
            ]
        },
        {
            "class_name": "Input",
            "sub": [
                {
                "name": "Init",
                "cpu_second": 0.004690269,
                "calls": 1,
                "cpu_second_per_call": 0.004690269000000,
                "cpu_second_per_total": 0.490203802300126
                }
            ]
        },
        {
            "class_name": "Input_Conv",
            "sub": [
                {
                "name": "Convert",
                "cpu_second": 0.000998452,
                "calls": 1,
                "cpu_second_per_call": 0.000998452000000,
                "cpu_second_per_total": 0.104353282682542
                }
            ]
        }
    ]
}
