{
    "total": 0.00596714,
    "sub": [
        {
            "class_name": "Driver",
            "sub": [
                {
                "name": "driver_line",
                "cpu_second": 0,
                "calls": 1,
                "cpu_second_per_call": 0.000000000000000,
                "cpu_second_per_total": 0.000000000000000
                },
                {
                "name": "reading",
                "cpu_second": 0.005456253,
                "calls": 1,
                "cpu_second_per_call": 0.005456253000000,
                "cpu_second_per_total": 0.914384038571274
                }
            ]
        },
        {
            "class_name": "Input",
            "sub": [
                {
                "name": "Init",
                "cpu_second": 0.003261661,
                "calls": 1,
                "cpu_second_per_call": 0.003261661000000,
                "cpu_second_per_total": 0.546604191123546
                }
            ]
        },
        {
            "class_name": "Input_Conv",
            "sub": [
                {
                "name": "Convert",
                "cpu_second": 0.000473829,
                "calls": 1,
                "cpu_second_per_call": 0.000473829000000,
                "cpu_second_per_total": 0.079406448823430
                }
            ]
        }
    ]
}
