{
    "total": 0.00560472,
    "sub": [
        {
            "class_name": "Driver",
            "sub": [
                {
                "name": "driver_line",
                "cpu_second": 0,
                "calls": 1,
                "cpu_second_per_call": 0.000000000000000,
                "cpu_second_per_total": 0.000000000000000
                },
                {
                "name": "reading",
                "cpu_second": 0.005267499,
                "calls": 1,
                "cpu_second_per_call": 0.005267499000000,
                "cpu_second_per_total": 0.939832006000652
                }
            ]
        },
        {
            "class_name": "Input",
            "sub": [
                {
                "name": "Init",
                "cpu_second": 0.003429371,
                "calls": 1,
                "cpu_second_per_call": 0.003429371000000,
                "cpu_second_per_total": 0.611871521238155
                }
            ]
        },
        {
            "class_name": "Input_Conv",
            "sub": [
                {
                "name": "Convert",
                "cpu_second": 0.000469009,
                "calls": 1,
                "cpu_second_per_call": 0.000469009000000,
                "cpu_second_per_total": 0.083681016228453
                }
            ]
        }
    ]
}
