{
    "total": 0.00498377,
    "sub": [
        {
            "class_name": "Driver",
            "sub": [
                {
                "name": "driver_line",
                "cpu_second": 0,
                "calls": 1,
                "cpu_second_per_call": 0.000000000000000,
                "cpu_second_per_total": 0.000000000000000
                },
                {
                "name": "reading",
                "cpu_second": 0.004618477,
                "calls": 1,
                "cpu_second_per_call": 0.004618477000000,
                "cpu_second_per_total": 0.926703479494439
                }
            ]
        },
        {
            "class_name": "Input",
            "sub": [
                {
                "name": "Init",
                "cpu_second": 0.002801173,
                "calls": 1,
                "cpu_second_per_call": 0.002801173000000,
                "cpu_second_per_total": 0.562059043655706
                }
            ]
        },
        {
            "class_name": "Input_Conv",
            "sub": [
                {
                "name": "Convert",
                "cpu_second": 0.00038281,
                "calls": 1,
                "cpu_second_per_call": 0.000382810000000,
                "cpu_second_per_total": 0.076811329575803
                }
            ]
        }
    ]
}
