{
    "total": 0.00580284,
    "sub": [
        {
            "class_name": "Driver",
            "sub": [
                {
                "name": "driver_line",
                "cpu_second": 0,
                "calls": 1,
                "cpu_second_per_call": 0.000000000000000,
                "cpu_second_per_total": 0.000000000000000
                },
                {
                "name": "reading",
                "cpu_second": 0.005382231,
                "calls": 1,
                "cpu_second_per_call": 0.005382231000000,
                "cpu_second_per_total": 0.927517018396860
                }
            ]
        },
        {
            "class_name": "Input",
            "sub": [
                {
                "name": "Init",
                "cpu_second": 0.003483319,
                "calls": 1,
                "cpu_second_per_call": 0.003483319000000,
                "cpu_second_per_total": 0.600278518890240
                }
            ]
        },
        {
            "class_name": "Input_Conv",
            "sub": [
                {
                "name": "Convert",
                "cpu_second": 0.000488297,
                "calls": 1,
                "cpu_second_per_call": 0.000488297000000,
                "cpu_second_per_total": 0.084147963462016
                }
            ]
        }
    ]
}
