{
    "total": 0.0242787,
    "sub": [
        {
            "class_name": "Driver",
            "sub": [
                {
                "name": "driver_line",
                "cpu_second": 0,
                "calls": 1,
                "cpu_second_per_call": 0.000000000000000,
                "cpu_second_per_total": 0.000000000000000
                },
                {
                "name": "reading",
                "cpu_second": 0.022860632,
                "calls": 1,
                "cpu_second_per_call": 0.022860632000000,
                "cpu_second_per_total": 0.941591978780745
                }
            ]
        },
        {
            "class_name": "Input",
            "sub": [
                {
                "name": "Init",
                "cpu_second": 0.020808985,
                "calls": 1,
                "cpu_second_per_call": 0.020808985000000,
                "cpu_second_per_total": 0.857088000129167
                }
            ]
        },
        {
            "class_name": "Input_Conv",
            "sub": [
                {
                "name": "Convert",
                "cpu_second": 0.000479006000000001,
                "calls": 1,
                "cpu_second_per_call": 0.000479006000000,
                "cpu_second_per_total": 0.019729472369261
                }
            ]
        }
    ]
}
