{
    "total": 0.00793673,
    "sub": [
        {
            "class_name": "Driver",
            "sub": [
                {
                "name": "driver_line",
                "cpu_second": 0,
                "calls": 1,
                "cpu_second_per_call": 0.000000000000000,
                "cpu_second_per_total": 0.000000000000000
                },
                {
                "name": "reading",
                "cpu_second": 0.007072729,
                "calls": 1,
                "cpu_second_per_call": 0.007072729000000,
                "cpu_second_per_total": 0.891138807652672
                }
            ]
        },
        {
            "class_name": "Input",
            "sub": [
                {
                "name": "Init",
                "cpu_second": 0.002435112,
                "calls": 1,
                "cpu_second_per_call": 0.002435112000000,
                "cpu_second_per_total": 0.306815488643876
                }
            ]
        },
        {
            "class_name": "Input_Conv",
            "sub": [
                {
                "name": "Convert",
                "cpu_second": 0.000937408,
                "calls": 1,
                "cpu_second_per_call": 0.000937408000000,
                "cpu_second_per_total": 0.118110088397855
                }
            ]
        }
    ]
}
