{
    "total": 0.00495877,
    "sub": [
        {
            "class_name": "Driver",
            "sub": [
                {
                "name": "driver_line",
                "cpu_second": 0,
                "calls": 1,
                "cpu_second_per_call": 0.000000000000000,
                "cpu_second_per_total": 0.000000000000000
                },
                {
                "name": "reading",
                "cpu_second": 0.004604844,
                "calls": 1,
                "cpu_second_per_call": 0.004604844000000,
                "cpu_second_per_total": 0.928627001153110
                }
            ]
        },
        {
            "class_name": "Input",
            "sub": [
                {
                "name": "Init",
                "cpu_second": 0.002780454,
                "calls": 1,
                "cpu_second_per_call": 0.002780454000000,
                "cpu_second_per_total": 0.560714903667566
                }
            ]
        },
        {
            "class_name": "Input_Conv",
            "sub": [
                {
                "name": "Convert",
                "cpu_second": 0.000421568,
                "calls": 1,
                "cpu_second_per_call": 0.000421568000000,
                "cpu_second_per_total": 0.085014699221540
                }
            ]
        }
    ]
}
