{
    "total": 0.00417706,
    "sub": [
        {
            "class_name": "Driver",
            "sub": [
                {
                "name": "driver_line",
                "cpu_second": 0,
                "calls": 1,
                "cpu_second_per_call": 0.000000000000000,
                "cpu_second_per_total": 0.000000000000000
                },
                {
                "name": "reading",
                "cpu_second": 0.003725635,
                "calls": 1,
                "cpu_second_per_call": 0.003725635000000,
                "cpu_second_per_total": 0.891926935265281
                }
            ]
        },
        {
            "class_name": "Input",
            "sub": [
                {
                "name": "Init",
                "cpu_second": 0.00144924,
                "calls": 1,
                "cpu_second_per_call": 0.001449240000000,
                "cpu_second_per_total": 0.346951913341982
                }
            ]
        },
        {
            "class_name": "Input_Conv",
            "sub": [
                {
                "name": "Convert",
                "cpu_second": 0.000439348,
                "calls": 1,
                "cpu_second_per_call": 0.000439348000000,
                "cpu_second_per_total": 0.105181080582218
                }
            ]
        }
    ]
}
