{
    "total": 0.050078,
    "sub": [
        {
            "class_name": "Driver",
            "sub": [
                {
                "name": "driver_line",
                "cpu_second": 0,
                "calls": 1,
                "cpu_second_per_call": 0.000000000000000,
                "cpu_second_per_total": 0.000000000000000
                },
                {
                "name": "reading",
                "cpu_second": 0.0316160814836621,
                "calls": 1,
                "cpu_second_per_call": 0.031616081483662,
                "cpu_second_per_total": 0.631337062097030
                }
            ]
        },
        {
            "class_name": "Input",
            "sub": [
                {
                "name": "Init",
                "cpu_second": 0.0172977230977267,
                "calls": 1,
                "cpu_second_per_call": 0.017297723097727,
                "cpu_second_per_total": 0.345415787441277
                }
            ]
        },
        {
            "class_name": "Input_Conv",
            "sub": [
                {
                "name": "Convert",
                "cpu_second": 0.000299398554489017,
                "calls": 1,
                "cpu_second_per_call": 0.000299398554489,
                "cpu_second_per_total": 0.005978647413497
                }
            ]
        }
    ]
}
