{
    "total": 0.00898375,
    "sub": [
        {
            "class_name": "Driver",
            "sub": [
                {
                "name": "driver_line",
                "cpu_second": 0,
                "calls": 1,
                "cpu_second_per_call": 0.000000000000000,
                "cpu_second_per_total": 0.000000000000000
                },
                {
                "name": "reading",
                "cpu_second": 0.008206286,
                "calls": 1,
                "cpu_second_per_call": 0.008206286000000,
                "cpu_second_per_total": 0.913459059626339
                }
            ]
        },
        {
            "class_name": "Input",
            "sub": [
                {
                "name": "Init",
                "cpu_second": 0.002887387,
                "calls": 1,
                "cpu_second_per_call": 0.002887387000000,
                "cpu_second_per_total": 0.321401156844560
                }
            ]
        },
        {
            "class_name": "Input_Conv",
            "sub": [
                {
                "name": "Convert",
                "cpu_second": 0.001388998,
                "calls": 1,
                "cpu_second_per_call": 0.001388998000000,
                "cpu_second_per_total": 0.154612306578502
                }
            ]
        }
    ]
}
