{
    "total": 0.0046684,
    "sub": [
        {
            "class_name": "Driver",
            "sub": [
                {
                "name": "driver_line",
                "cpu_second": 0,
                "calls": 1,
                "cpu_second_per_call": 0.000000000000000,
                "cpu_second_per_total": 0.000000000000000
                },
                {
                "name": "reading",
                "cpu_second": 0.004237045,
                "calls": 1,
                "cpu_second_per_call": 0.004237045000000,
                "cpu_second_per_total": 0.907600910890046
                }
            ]
        },
        {
            "class_name": "Input",
            "sub": [
                {
                "name": "Init",
                "cpu_second": 0.002094327,
                "calls": 1,
                "cpu_second_per_call": 0.002094327000000,
                "cpu_second_per_total": 0.448617631604483
                }
            ]
        },
        {
            "class_name": "Input_Conv",
            "sub": [
                {
                "name": "Convert",
                "cpu_second": 0.000431993,
                "calls": 1,
                "cpu_second_per_call": 0.000431993000000,
                "cpu_second_per_total": 0.092535538399551
                }
            ]
        }
    ]
}
