{
    "total": 0.0109425,
    "sub": [
        {
            "class_name": "Driver",
            "sub": [
                {
                "name": "driver_line",
                "cpu_second": 0,
                "calls": 1,
                "cpu_second_per_call": 0.000000000000000,
                "cpu_second_per_total": 0.000000000000000
                },
                {
                "name": "reading",
                "cpu_second": 0.010100812,
                "calls": 1,
                "cpu_second_per_call": 0.010100812000000,
                "cpu_second_per_total": 0.923078132190977
                }
            ]
        },
        {
            "class_name": "Input",
            "sub": [
                {
                "name": "Init",
                "cpu_second": 0.005944158,
                "calls": 1,
                "cpu_second_per_call": 0.005944158000000,
                "cpu_second_per_total": 0.543215957696080
                }
            ]
        },
        {
            "class_name": "Input_Conv",
            "sub": [
                {
                "name": "Convert",
                "cpu_second": 0.000992921999999999,
                "calls": 1,
                "cpu_second_per_call": 0.000992922000000,
                "cpu_second_per_total": 0.090739693518831
                }
            ]
        }
    ]
}
