{
    "total": 0.00892387,
    "sub": [
        {
            "class_name": "Driver",
            "sub": [
                {
                "name": "driver_line",
                "cpu_second": 0,
                "calls": 1,
                "cpu_second_per_call": 0.000000000000000,
                "cpu_second_per_total": 0.000000000000000
                },
                {
                "name": "reading",
                "cpu_second": 0.008173717,
                "calls": 1,
                "cpu_second_per_call": 0.008173717000000,
                "cpu_second_per_total": 0.915938703268728
                }
            ]
        },
        {
            "class_name": "Input",
            "sub": [
                {
                "name": "Init",
                "cpu_second": 0.006071959,
                "calls": 1,
                "cpu_second_per_call": 0.006071959000000,
                "cpu_second_per_total": 0.680417764985120
                }
            ]
        },
        {
            "class_name": "Input_Conv",
            "sub": [
                {
                "name": "Convert",
                "cpu_second": 0.000452233,
                "calls": 1,
                "cpu_second_per_call": 0.000452233000000,
                "cpu_second_per_total": 0.050676786044259
                }
            ]
        }
    ]
}
