{
    "total": 0.00615478,
    "sub": [
        {
            "class_name": "Driver",
            "sub": [
                {
                "name": "driver_line",
                "cpu_second": 0,
                "calls": 1,
                "cpu_second_per_call": 0.000000000000000,
                "cpu_second_per_total": 0.000000000000000
                },
                {
                "name": "reading",
                "cpu_second": 0.005788479,
                "calls": 1,
                "cpu_second_per_call": 0.005788479000000,
                "cpu_second_per_total": 0.940485118883209
                }
            ]
        },
        {
            "class_name": "Input",
            "sub": [
                {
                "name": "Init",
                "cpu_second": 0.004109606,
                "calls": 1,
                "cpu_second_per_call": 0.004109606000000,
                "cpu_second_per_total": 0.667709650060603
                }
            ]
        },
        {
            "class_name": "Input_Conv",
            "sub": [
                {
                "name": "Convert",
                "cpu_second": 0.000385931,
                "calls": 1,
                "cpu_second_per_call": 0.000385931000000,
                "cpu_second_per_total": 0.062704272126705
                }
            ]
        }
    ]
}
