{
    "total": 0.00424051,
    "sub": [
        {
            "class_name": "Driver",
            "sub": [
                {
                "name": "driver_line",
                "cpu_second": 0,
                "calls": 1,
                "cpu_second_per_call": 0.000000000000000,
                "cpu_second_per_total": 0.000000000000000
                },
                {
                "name": "reading",
                "cpu_second": 0.003803502,
                "calls": 1,
                "cpu_second_per_call": 0.003803502000000,
                "cpu_second_per_total": 0.896944471301801
                }
            ]
        },
        {
            "class_name": "Input",
            "sub": [
                {
                "name": "Init",
                "cpu_second": 0.002250575,
                "calls": 1,
                "cpu_second_per_call": 0.002250575000000,
                "cpu_second_per_total": 0.530732152500525
                }
            ]
        },
        {
            "class_name": "Input_Conv",
            "sub": [
                {
                "name": "Convert",
                "cpu_second": 0.000420018,
                "calls": 1,
                "cpu_second_per_call": 0.000420018000000,
                "cpu_second_per_total": 0.099048935151668
                }
            ]
        }
    ]
}
