{
    "total": 0.0059577,
    "sub": [
        {
            "class_name": "Driver",
            "sub": [
                {
                "name": "driver_line",
                "cpu_second": 0,
                "calls": 1,
                "cpu_second_per_call": 0.000000000000000,
                "cpu_second_per_total": 0.000000000000000
                },
                {
                "name": "reading",
                "cpu_second": 0.005538581,
                "calls": 1,
                "cpu_second_per_call": 0.005538581000000,
                "cpu_second_per_total": 0.929650247813587
                }
            ]
        },
        {
            "class_name": "Input",
            "sub": [
                {
                "name": "Init",
                "cpu_second": 0.003519274,
                "calls": 1,
                "cpu_second_per_call": 0.003519274000000,
                "cpu_second_per_total": 0.590709776786494
                }
            ]
        },
        {
            "class_name": "Input_Conv",
            "sub": [
                {
                "name": "Convert",
                "cpu_second": 0.000488166,
                "calls": 1,
                "cpu_second_per_call": 0.000488166000000,
                "cpu_second_per_total": 0.081938612593039
                }
            ]
        }
    ]
}
