{
    "total": 0.00767945,
    "sub": [
        {
            "class_name": "Driver",
            "sub": [
                {
                "name": "driver_line",
                "cpu_second": 0,
                "calls": 1,
                "cpu_second_per_call": 0.000000000000000,
                "cpu_second_per_total": 0.000000000000000
                },
                {
                "name": "reading",
                "cpu_second": 0.007268007,
                "calls": 1,
                "cpu_second_per_call": 0.007268007000000,
                "cpu_second_per_total": 0.946422486080714
                }
            ]
        },
        {
            "class_name": "Input",
            "sub": [
                {
                "name": "Init",
                "cpu_second": 0.005182824,
                "calls": 1,
                "cpu_second_per_call": 0.005182824000000,
                "cpu_second_per_total": 0.674894943689349
                }
            ]
        },
        {
            "class_name": "Input_Conv",
            "sub": [
                {
                "name": "Convert",
                "cpu_second": 0.000426996,
                "calls": 1,
                "cpu_second_per_call": 0.000426996000000,
                "cpu_second_per_total": 0.055602397722859
                }
            ]
        }
    ]
}
