{
    "total": 0.0102541,
    "sub": [
        {
            "class_name": "Driver",
            "sub": [
                {
                "name": "driver_line",
                "cpu_second": 0,
                "calls": 1,
                "cpu_second_per_call": 0.000000000000000,
                "cpu_second_per_total": 0.000000000000000
                },
                {
                "name": "reading",
                "cpu_second": 0.009334482,
                "calls": 1,
                "cpu_second_per_call": 0.009334482000000,
                "cpu_second_per_total": 0.910313581666876
                }
            ]
        },
        {
            "class_name": "Input",
            "sub": [
                {
                "name": "Init",
                "cpu_second": 0.004921639,
                "calls": 1,
                "cpu_second_per_call": 0.004921639000000,
                "cpu_second_per_total": 0.479966089790669
                }
            ]
        },
        {
            "class_name": "Input_Conv",
            "sub": [
                {
                "name": "Convert",
                "cpu_second": 0.000794645,
                "calls": 1,
                "cpu_second_per_call": 0.000794645000000,
                "cpu_second_per_total": 0.077495048584771
                }
            ]
        }
    ]
}
