{
    "total": 0.0102388,
    "sub": [
        {
            "class_name": "Driver",
            "sub": [
                {
                "name": "driver_line",
                "cpu_second": 0,
                "calls": 1,
                "cpu_second_per_call": 0.000000000000000,
                "cpu_second_per_total": 0.000000000000000
                },
                {
                "name": "reading",
                "cpu_second": 0.009482061,
                "calls": 1,
                "cpu_second_per_call": 0.009482061000000,
                "cpu_second_per_total": 0.926093487959934
                }
            ]
        },
        {
            "class_name": "Input",
            "sub": [
                {
                "name": "Init",
                "cpu_second": 0.005451847,
                "calls": 1,
                "cpu_second_per_call": 0.005451847000000,
                "cpu_second_per_total": 0.532470736483756
                }
            ]
        },
        {
            "class_name": "Input_Conv",
            "sub": [
                {
                "name": "Convert",
                "cpu_second": 0.000928031,
                "calls": 1,
                "cpu_second_per_call": 0.000928031000000,
                "cpu_second_per_total": 0.090638888077702
                }
            ]
        }
    ]
}
