{
    "total": 0.0313636,
    "sub": [
        {
            "class_name": "Driver",
            "sub": [
                {
                "name": "driver_line",
                "cpu_second": 0,
                "calls": 1,
                "cpu_second_per_call": 0.000000000000000,
                "cpu_second_per_total": 0.000000000000000
                },
                {
                "name": "reading",
                "cpu_second": 0.0286146908765659,
                "calls": 1,
                "cpu_second_per_call": 0.028614690876566,
                "cpu_second_per_total": 0.912352442178332
                }
            ]
        },
        {
            "class_name": "Input",
            "sub": [
                {
                "name": "Init",
                "cpu_second": 0.0138650437584147,
                "calls": 1,
                "cpu_second_per_call": 0.013865043758415,
                "cpu_second_per_total": 0.442073849005257
                }
            ]
        },
        {
            "class_name": "Input_Conv",
            "sub": [
                {
                "name": "Convert",
                "cpu_second": 0.00029161071870476,
                "calls": 1,
                "cpu_second_per_call": 0.000291610718705,
                "cpu_second_per_total": 0.009297732850700
                }
            ]
        }
    ]
}
