{
    "total": 0.0100398,
    "sub": [
        {
            "class_name": "Driver",
            "sub": [
                {
                "name": "driver_line",
                "cpu_second": 0,
                "calls": 1,
                "cpu_second_per_call": 0.000000000000000,
                "cpu_second_per_total": 0.000000000000000
                },
                {
                "name": "reading",
                "cpu_second": 0.008801541,
                "calls": 1,
                "cpu_second_per_call": 0.008801541000000,
                "cpu_second_per_total": 0.876665410000901
                }
            ]
        },
        {
            "class_name": "Input",
            "sub": [
                {
                "name": "Init",
                "cpu_second": 0.002325295,
                "calls": 1,
                "cpu_second_per_call": 0.002325295000000,
                "cpu_second_per_total": 0.231607816693468
                }
            ]
        },
        {
            "class_name": "Input_Conv",
            "sub": [
                {
                "name": "Convert",
                "cpu_second": 0.000891693,
                "calls": 1,
                "cpu_second_per_call": 0.000891693000000,
                "cpu_second_per_total": 0.088815857295891
                }
            ]
        }
    ]
}
