{
    "total": 0.00421409,
    "sub": [
        {
            "class_name": "Driver",
            "sub": [
                {
                "name": "driver_line",
                "cpu_second": 0,
                "calls": 1,
                "cpu_second_per_call": 0.000000000000000,
                "cpu_second_per_total": 0.000000000000000
                },
                {
                "name": "reading",
                "cpu_second": 0.003834917,
                "calls": 1,
                "cpu_second_per_call": 0.003834917000000,
                "cpu_second_per_total": 0.910022783097367
                }
            ]
        },
        {
            "class_name": "Input",
            "sub": [
                {
                "name": "Init",
                "cpu_second": 0.002102138,
                "calls": 1,
                "cpu_second_per_call": 0.002102138000000,
                "cpu_second_per_total": 0.498835691415155
                }
            ]
        },
        {
            "class_name": "Input_Conv",
            "sub": [
                {
                "name": "Convert",
                "cpu_second": 0.000407708,
                "calls": 1,
                "cpu_second_per_call": 0.000407708000000,
                "cpu_second_per_total": 0.096748787223051
                }
            ]
        }
    ]
}
