{
    "total": 0.0612487,
    "sub": [
        {
            "class_name": "Driver",
            "sub": [
                {
                "name": "driver_line",
                "cpu_second": 0,
                "calls": 1,
                "cpu_second_per_call": 0.000000000000000,
                "cpu_second_per_total": 0.000000000000000
                },
                {
                "name": "reading",
                "cpu_second": 0.059684262,
                "calls": 1,
                "cpu_second_per_call": 0.059684262000000,
                "cpu_second_per_total": 0.974458169822967
                }
            ]
        },
        {
            "class_name": "Input",
            "sub": [
                {
                "name": "Init",
                "cpu_second": 0.054798215,
                "calls": 1,
                "cpu_second_per_call": 0.054798215000000,
                "cpu_second_per_total": 0.894684235158432
                }
            ]
        },
        {
            "class_name": "Input_Conv",
            "sub": [
                {
                "name": "Convert",
                "cpu_second": 0.001311122,
                "calls": 1,
                "cpu_second_per_call": 0.001311122000000,
                "cpu_second_per_total": 0.021406540044587
                }
            ]
        }
    ]
}
