{
    "total": 0.00430849,
    "sub": [
        {
            "class_name": "Driver",
            "sub": [
                {
                "name": "driver_line",
                "cpu_second": 0,
                "calls": 1,
                "cpu_second_per_call": 0.000000000000000,
                "cpu_second_per_total": 0.000000000000000
                },
                {
                "name": "reading",
                "cpu_second": 0.003905548,
                "calls": 1,
                "cpu_second_per_call": 0.003905548000000,
                "cpu_second_per_total": 0.906477211273555
                }
            ]
        },
        {
            "class_name": "Input",
            "sub": [
                {
                "name": "Init",
                "cpu_second": 0.001592172,
                "calls": 1,
                "cpu_second_per_call": 0.001592172000000,
                "cpu_second_per_total": 0.369542925711792
                }
            ]
        },
        {
            "class_name": "Input_Conv",
            "sub": [
                {
                "name": "Convert",
                "cpu_second": 0.00045701,
                "calls": 1,
                "cpu_second_per_call": 0.000457010000000,
                "cpu_second_per_total": 0.106071964887931
                }
            ]
        }
    ]
}
