{
    "total": 0.00430509,
    "sub": [
        {
            "class_name": "Driver",
            "sub": [
                {
                "name": "driver_line",
                "cpu_second": 0,
                "calls": 1,
                "cpu_second_per_call": 0.000000000000000,
                "cpu_second_per_total": 0.000000000000000
                },
                {
                "name": "reading",
                "cpu_second": 0.003818882,
                "calls": 1,
                "cpu_second_per_call": 0.003818882000000,
                "cpu_second_per_total": 0.887062883296640
                }
            ]
        },
        {
            "class_name": "Input",
            "sub": [
                {
                "name": "Init",
                "cpu_second": 0.001483427,
                "calls": 1,
                "cpu_second_per_call": 0.001483427000000,
                "cpu_second_per_total": 0.344575462603999
                }
            ]
        },
        {
            "class_name": "Input_Conv",
            "sub": [
                {
                "name": "Convert",
                "cpu_second": 0.000455775,
                "calls": 1,
                "cpu_second_per_call": 0.000455775000000,
                "cpu_second_per_total": 0.105868965219278
                }
            ]
        }
    ]
}
