{
    "total": 0.00446391,
    "sub": [
        {
            "class_name": "Driver",
            "sub": [
                {
                "name": "driver_line",
                "cpu_second": 0,
                "calls": 1,
                "cpu_second_per_call": 0.000000000000000,
                "cpu_second_per_total": 0.000000000000000
                },
                {
                "name": "reading",
                "cpu_second": 0.004110735,
                "calls": 1,
                "cpu_second_per_call": 0.004110735000000,
                "cpu_second_per_total": 0.920881728851286
                }
            ]
        },
        {
            "class_name": "Input",
            "sub": [
                {
                "name": "Init",
                "cpu_second": 0.002173145,
                "calls": 1,
                "cpu_second_per_call": 0.002173145000000,
                "cpu_second_per_total": 0.486825233113914
                }
            ]
        },
        {
            "class_name": "Input_Conv",
            "sub": [
                {
                "name": "Convert",
                "cpu_second": 0.000425982,
                "calls": 1,
                "cpu_second_per_call": 0.000425982000000,
                "cpu_second_per_total": 0.095427956465092
                }
            ]
        }
    ]
}
