{
    "total": 0.0157607,
    "sub": [
        {
            "class_name": "Driver",
            "sub": [
                {
                "name": "driver_line",
                "cpu_second": 0,
                "calls": 1,
                "cpu_second_per_call": 0.000000000000000,
                "cpu_second_per_total": 0.000000000000000
                },
                {
                "name": "reading",
                "cpu_second": 0.015354734,
                "calls": 1,
                "cpu_second_per_call": 0.015354734000000,
                "cpu_second_per_total": 0.974240520199519
                }
            ]
        },
        {
            "class_name": "Input",
            "sub": [
                {
                "name": "Init",
                "cpu_second": 0.013149745,
                "calls": 1,
                "cpu_second_per_call": 0.013149745000000,
                "cpu_second_per_total": 0.834336459966745
                }
            ]
        },
        {
            "class_name": "Input_Conv",
            "sub": [
                {
                "name": "Convert",
                "cpu_second": 0.000464918,
                "calls": 1,
                "cpu_second_per_call": 0.000464918000000,
                "cpu_second_per_total": 0.029498521704780
                }
            ]
        }
    ]
}
