{
    "total": 0.00543831,
    "sub": [
        {
            "class_name": "Driver",
            "sub": [
                {
                "name": "driver_line",
                "cpu_second": 0,
                "calls": 1,
                "cpu_second_per_call": 0.000000000000000,
                "cpu_second_per_total": 0.000000000000000
                },
                {
                "name": "reading",
                "cpu_second": 0.005038713,
                "calls": 1,
                "cpu_second_per_call": 0.005038713000000,
                "cpu_second_per_total": 0.926522183002507
                }
            ]
        },
        {
            "class_name": "Input",
            "sub": [
                {
                "name": "Init",
                "cpu_second": 0.00291619,
                "calls": 1,
                "cpu_second_per_call": 0.002916190000000,
                "cpu_second_per_total": 0.536231121885704
                }
            ]
        },
        {
            "class_name": "Input_Conv",
            "sub": [
                {
                "name": "Convert",
                "cpu_second": 0.000527808,
                "calls": 1,
                "cpu_second_per_call": 0.000527808000000,
                "cpu_second_per_total": 0.097053715971953
                }
            ]
        }
    ]
}
