{
    "total": 0.007601,
    "sub": [
        {
            "class_name": "Driver",
            "sub": [
                {
                "name": "driver_line",
                "cpu_second": 0,
                "calls": 1,
                "cpu_second_per_call": 0.000000000000000,
                "cpu_second_per_total": 0.000000000000000
                },
                {
                "name": "reading",
                "cpu_second": 0.007219713,
                "calls": 1,
                "cpu_second_per_call": 0.007219713000000,
                "cpu_second_per_total": 0.949836883369208
                }
            ]
        },
        {
            "class_name": "Input",
            "sub": [
                {
                "name": "Init",
                "cpu_second": 0.005415816,
                "calls": 1,
                "cpu_second_per_call": 0.005415816000000,
                "cpu_second_per_total": 0.712513335411129
                }
            ]
        },
        {
            "class_name": "Input_Conv",
            "sub": [
                {
                "name": "Convert",
                "cpu_second": 0.000435506,
                "calls": 1,
                "cpu_second_per_call": 0.000435506000000,
                "cpu_second_per_total": 0.057295859506962
                }
            ]
        }
    ]
}
