{
    "total": 0.00438161,
    "sub": [
        {
            "class_name": "Driver",
            "sub": [
                {
                "name": "driver_line",
                "cpu_second": 0,
                "calls": 1,
                "cpu_second_per_call": 0.000000000000000,
                "cpu_second_per_total": 0.000000000000000
                },
                {
                "name": "reading",
                "cpu_second": 0.003980063,
                "calls": 1,
                "cpu_second_per_call": 0.003980063000000,
                "cpu_second_per_total": 0.908356289126599
                }
            ]
        },
        {
            "class_name": "Input",
            "sub": [
                {
                "name": "Init",
                "cpu_second": 0.001708693,
                "calls": 1,
                "cpu_second_per_call": 0.001708693000000,
                "cpu_second_per_total": 0.389969212230208
                }
            ]
        },
        {
            "class_name": "Input_Conv",
            "sub": [
                {
                "name": "Convert",
                "cpu_second": 0.000416236,
                "calls": 1,
                "cpu_second_per_call": 0.000416236000000,
                "cpu_second_per_total": 0.094996131558947
                }
            ]
        }
    ]
}
