{
    "total": 0.00434688,
    "sub": [
        {
            "class_name": "Driver",
            "sub": [
                {
                "name": "driver_line",
                "cpu_second": 0,
                "calls": 1,
                "cpu_second_per_call": 0.000000000000000,
                "cpu_second_per_total": 0.000000000000000
                },
                {
                "name": "reading",
                "cpu_second": 0.003859751,
                "calls": 1,
                "cpu_second_per_call": 0.003859751000000,
                "cpu_second_per_total": 0.887936149131365
                }
            ]
        },
        {
            "class_name": "Input",
            "sub": [
                {
                "name": "Init",
                "cpu_second": 0.001489134,
                "calls": 1,
                "cpu_second_per_call": 0.001489134000000,
                "cpu_second_per_total": 0.342575443208794
                }
            ]
        },
        {
            "class_name": "Input_Conv",
            "sub": [
                {
                "name": "Convert",
                "cpu_second": 0.000477052,
                "calls": 1,
                "cpu_second_per_call": 0.000477052000000,
                "cpu_second_per_total": 0.109745865941978
                }
            ]
        }
    ]
}
