{
    "total": 0.0168943,
    "sub": [
        {
            "class_name": "Driver",
            "sub": [
                {
                "name": "driver_line",
                "cpu_second": 0,
                "calls": 1,
                "cpu_second_per_call": 0.000000000000000,
                "cpu_second_per_total": 0.000000000000000
                },
                {
                "name": "reading",
                "cpu_second": 0.016433612,
                "calls": 1,
                "cpu_second_per_call": 0.016433612000000,
                "cpu_second_per_total": 0.972729660834058
                }
            ]
        },
        {
            "class_name": "Input",
            "sub": [
                {
                "name": "Init",
                "cpu_second": 0.014585715,
                "calls": 1,
                "cpu_second_per_call": 0.014585715000000,
                "cpu_second_per_total": 0.863349919967213
                }
            ]
        },
        {
            "class_name": "Input_Conv",
            "sub": [
                {
                "name": "Convert",
                "cpu_second": 0.000437226000000001,
                "calls": 1,
                "cpu_second_per_call": 0.000437226000000,
                "cpu_second_per_total": 0.025880049905513
                }
            ]
        }
    ]
}
