{
    "total": 0.010281,
    "sub": [
        {
            "class_name": "Driver",
            "sub": [
                {
                "name": "driver_line",
                "cpu_second": 0,
                "calls": 1,
                "cpu_second_per_call": 0.000000000000000,
                "cpu_second_per_total": 0.000000000000000
                },
                {
                "name": "reading",
                "cpu_second": 0.009515627,
                "calls": 1,
                "cpu_second_per_call": 0.009515627000000,
                "cpu_second_per_total": 0.925552364671811
                }
            ]
        },
        {
            "class_name": "Input",
            "sub": [
                {
                "name": "Init",
                "cpu_second": 0.005666529,
                "calls": 1,
                "cpu_second_per_call": 0.005666529000000,
                "cpu_second_per_total": 0.551163818782660
                }
            ]
        },
        {
            "class_name": "Input_Conv",
            "sub": [
                {
                "name": "Convert",
                "cpu_second": 0.000882212,
                "calls": 1,
                "cpu_second_per_call": 0.000882212000000,
                "cpu_second_per_total": 0.085809732006293
                }
            ]
        }
    ]
}
