{
    "total": 0.0089344,
    "sub": [
        {
            "class_name": "Driver",
            "sub": [
                {
                "name": "driver_line",
                "cpu_second": 0,
                "calls": 1,
                "cpu_second_per_call": 0.000000000000000,
                "cpu_second_per_total": 0.000000000000000
                },
                {
                "name": "reading",
                "cpu_second": 0.008124146,
                "calls": 1,
                "cpu_second_per_call": 0.008124146000000,
                "cpu_second_per_total": 0.909310957492603
                }
            ]
        },
        {
            "class_name": "Input",
            "sub": [
                {
                "name": "Init",
                "cpu_second": 0.004150668,
                "calls": 1,
                "cpu_second_per_call": 0.004150668000000,
                "cpu_second_per_total": 0.464571647692436
                }
            ]
        },
        {
            "class_name": "Input_Conv",
            "sub": [
                {
                "name": "Convert",
                "cpu_second": 0.000912955999999999,
                "calls": 1,
                "cpu_second_per_call": 0.000912956000000,
                "cpu_second_per_total": 0.102184388920216
                }
            ]
        }
    ]
}
