{
    "total": 0.00431848,
    "sub": [
        {
            "class_name": "Driver",
            "sub": [
                {
                "name": "driver_line",
                "cpu_second": 0,
                "calls": 1,
                "cpu_second_per_call": 0.000000000000000,
                "cpu_second_per_total": 0.000000000000000
                },
                {
                "name": "reading",
                "cpu_second": 0.003924542,
                "calls": 1,
                "cpu_second_per_call": 0.003924542000000,
                "cpu_second_per_total": 0.908778551712640
                }
            ]
        },
        {
            "class_name": "Input",
            "sub": [
                {
                "name": "Init",
                "cpu_second": 0.001677454,
                "calls": 1,
                "cpu_second_per_call": 0.001677454000000,
                "cpu_second_per_total": 0.388436209036513
                }
            ]
        },
        {
            "class_name": "Input_Conv",
            "sub": [
                {
                "name": "Convert",
                "cpu_second": 0.000419517,
                "calls": 1,
                "cpu_second_per_call": 0.000419517000000,
                "cpu_second_per_total": 0.097144597173079
                }
            ]
        }
    ]
}
