{
    "total": 0.00370015,
    "sub": [
        {
            "class_name": "Driver",
            "sub": [
                {
                "name": "driver_line",
                "cpu_second": 0,
                "calls": 1,
                "cpu_second_per_call": 0.000000000000000,
                "cpu_second_per_total": 0.000000000000000
                },
                {
                "name": "reading",
                "cpu_second": 0.003410337,
                "calls": 1,
                "cpu_second_per_call": 0.003410337000000,
                "cpu_second_per_total": 0.921675586577730
                }
            ]
        },
        {
            "class_name": "Input",
            "sub": [
                {
                "name": "Init",
                "cpu_second": 0.002135236,
                "calls": 1,
                "cpu_second_per_call": 0.002135236000000,
                "cpu_second_per_total": 0.577067572143716
                }
            ]
        },
        {
            "class_name": "Input_Conv",
            "sub": [
                {
                "name": "Convert",
                "cpu_second": 0.000294855,
                "calls": 1,
                "cpu_second_per_call": 0.000294855000000,
                "cpu_second_per_total": 0.079687331510164
                }
            ]
        }
    ]
}
