{
    "total": 0.0222323,
    "sub": [
        {
            "class_name": "Driver",
            "sub": [
                {
                "name": "driver_line",
                "cpu_second": 0,
                "calls": 1,
                "cpu_second_per_call": 0.000000000000000,
                "cpu_second_per_total": 0.000000000000000
                },
                {
                "name": "reading",
                "cpu_second": 0.021783784,
                "calls": 1,
                "cpu_second_per_call": 0.021783784000000,
                "cpu_second_per_total": 0.979826766313362
                }
            ]
        },
        {
            "class_name": "Input",
            "sub": [
                {
                "name": "Init",
                "cpu_second": 0.019584323,
                "calls": 1,
                "cpu_second_per_call": 0.019584323000000,
                "cpu_second_per_total": 0.880895801919740
                }
            ]
        },
        {
            "class_name": "Input_Conv",
            "sub": [
                {
                "name": "Convert",
                "cpu_second": 0.000631312000000002,
                "calls": 1,
                "cpu_second_per_call": 0.000631312000000,
                "cpu_second_per_total": 0.028396186608113
                }
            ]
        }
    ]
}
