{
    "total": 0.0104853,
    "sub": [
        {
            "class_name": "Driver",
            "sub": [
                {
                "name": "driver_line",
                "cpu_second": 0,
                "calls": 1,
                "cpu_second_per_call": 0.000000000000000,
                "cpu_second_per_total": 0.000000000000000
                },
                {
                "name": "reading",
                "cpu_second": 0.009784312,
                "calls": 1,
                "cpu_second_per_call": 0.009784312000000,
                "cpu_second_per_total": 0.933148667854492
                }
            ]
        },
        {
            "class_name": "Input",
            "sub": [
                {
                "name": "Init",
                "cpu_second": 0.004486816,
                "calls": 1,
                "cpu_second_per_call": 0.004486816000000,
                "cpu_second_per_total": 0.427916277946597
                }
            ]
        },
        {
            "class_name": "Input_Conv",
            "sub": [
                {
                "name": "Convert",
                "cpu_second": 0.001150008,
                "calls": 1,
                "cpu_second_per_call": 0.001150008000000,
                "cpu_second_per_total": 0.109678476444947
                }
            ]
        }
    ]
}
