{
    "total": 0.00759935,
    "sub": [
        {
            "class_name": "Driver",
            "sub": [
                {
                "name": "driver_line",
                "cpu_second": 0,
                "calls": 1,
                "cpu_second_per_call": 0.000000000000000,
                "cpu_second_per_total": 0.000000000000000
                },
                {
                "name": "reading",
                "cpu_second": 0.006839115,
                "calls": 1,
                "cpu_second_per_call": 0.006839115000000,
                "cpu_second_per_total": 0.899960641365464
                }
            ]
        },
        {
            "class_name": "Input",
            "sub": [
                {
                "name": "Init",
                "cpu_second": 0.002550719,
                "calls": 1,
                "cpu_second_per_call": 0.002550719000000,
                "cpu_second_per_total": 0.335649672096912
                }
            ]
        },
        {
            "class_name": "Input_Conv",
            "sub": [
                {
                "name": "Convert",
                "cpu_second": 0.000945208,
                "calls": 1,
                "cpu_second_per_call": 0.000945208000000,
                "cpu_second_per_total": 0.124380127824107
                }
            ]
        }
    ]
}
