{
    "total": 0.0305569,
    "sub": [
        {
            "class_name": "Driver",
            "sub": [
                {
                "name": "driver_line",
                "cpu_second": 0,
                "calls": 1,
                "cpu_second_per_call": 0.000000000000000,
                "cpu_second_per_total": 0.000000000000000
                },
                {
                "name": "reading",
                "cpu_second": 0.0197016332531348,
                "calls": 1,
                "cpu_second_per_call": 0.019701633253135,
                "cpu_second_per_total": 0.644752815707052
                }
            ]
        },
        {
            "class_name": "Input",
            "sub": [
                {
                "name": "Init",
                "cpu_second": 0.0156798800453544,
                "calls": 1,
                "cpu_second_per_call": 0.015679880045354,
                "cpu_second_per_total": 0.513137498769676
                }
            ]
        },
        {
            "class_name": "Input_Conv",
            "sub": [
                {
                "name": "Convert",
                "cpu_second": 0.000301820691674948,
                "calls": 1,
                "cpu_second_per_call": 0.000301820691675,
                "cpu_second_per_total": 0.009877340538004
                }
            ]
        }
    ]
}
