{
    "total": 0.00862684,
    "sub": [
        {
            "class_name": "Driver",
            "sub": [
                {
                "name": "driver_line",
                "cpu_second": 0,
                "calls": 1,
                "cpu_second_per_call": 0.000000000000000,
                "cpu_second_per_total": 0.000000000000000
                },
                {
                "name": "reading",
                "cpu_second": 0.007978291,
                "calls": 1,
                "cpu_second_per_call": 0.007978291000000,
                "cpu_second_per_total": 0.924822379838912
                }
            ]
        },
        {
            "class_name": "Input",
            "sub": [
                {
                "name": "Init",
                "cpu_second": 0.004767094,
                "calls": 1,
                "cpu_second_per_call": 0.004767094000000,
                "cpu_second_per_total": 0.552588921361204
                }
            ]
        },
        {
            "class_name": "Input_Conv",
            "sub": [
                {
                "name": "Convert",
                "cpu_second": 0.00076766,
                "calls": 1,
                "cpu_second_per_call": 0.000767660000000,
                "cpu_second_per_total": 0.088985115748114
                }
            ]
        }
    ]
}
