{
    "total": 0.00600924,
    "sub": [
        {
            "class_name": "Driver",
            "sub": [
                {
                "name": "driver_line",
                "cpu_second": 0,
                "calls": 1,
                "cpu_second_per_call": 0.000000000000000,
                "cpu_second_per_total": 0.000000000000000
                },
                {
                "name": "reading",
                "cpu_second": 0.005682395,
                "calls": 1,
                "cpu_second_per_call": 0.005682395000000,
                "cpu_second_per_total": 0.945609909276351
                }
            ]
        },
        {
            "class_name": "Input",
            "sub": [
                {
                "name": "Init",
                "cpu_second": 0.004094514,
                "calls": 1,
                "cpu_second_per_call": 0.004094514000000,
                "cpu_second_per_total": 0.681369917450432
                }
            ]
        },
        {
            "class_name": "Input_Conv",
            "sub": [
                {
                "name": "Convert",
                "cpu_second": 0.000367431000000001,
                "calls": 1,
                "cpu_second_per_call": 0.000367431000000,
                "cpu_second_per_total": 0.061144358070025
                }
            ]
        }
    ]
}
