{
    "total": 0.00759258,
    "sub": [
        {
            "class_name": "Driver",
            "sub": [
                {
                "name": "driver_line",
                "cpu_second": 0,
                "calls": 1,
                "cpu_second_per_call": 0.000000000000000,
                "cpu_second_per_total": 0.000000000000000
                },
                {
                "name": "reading",
                "cpu_second": 0.006717458,
                "calls": 1,
                "cpu_second_per_call": 0.006717458000000,
                "cpu_second_per_total": 0.884739371997728
                }
            ]
        },
        {
            "class_name": "Input",
            "sub": [
                {
                "name": "Init",
                "cpu_second": 0.00202591,
                "calls": 1,
                "cpu_second_per_call": 0.002025910000000,
                "cpu_second_per_total": 0.266827472702311
                }
            ]
        },
        {
            "class_name": "Input_Conv",
            "sub": [
                {
                "name": "Convert",
                "cpu_second": 0.000935713,
                "calls": 1,
                "cpu_second_per_call": 0.000935713000000,
                "cpu_second_per_total": 0.123240388252537
                }
            ]
        }
    ]
}
