{
    "total": 0.00916541,
    "sub": [
        {
            "class_name": "Driver",
            "sub": [
                {
                "name": "driver_line",
                "cpu_second": 0,
                "calls": 1,
                "cpu_second_per_call": 0.000000000000000,
                "cpu_second_per_total": 0.000000000000000
                },
                {
                "name": "reading",
                "cpu_second": 0.008324134,
                "calls": 1,
                "cpu_second_per_call": 0.008324134000000,
                "cpu_second_per_total": 0.908212051225652
                }
            ]
        },
        {
            "class_name": "Input",
            "sub": [
                {
                "name": "Init",
                "cpu_second": 0.003937627,
                "calls": 1,
                "cpu_second_per_call": 0.003937627000000,
                "cpu_second_per_total": 0.429618299589064
                }
            ]
        },
        {
            "class_name": "Input_Conv",
            "sub": [
                {
                "name": "Convert",
                "cpu_second": 0.000936353,
                "calls": 1,
                "cpu_second_per_call": 0.000936353000000,
                "cpu_second_per_total": 0.102161627720228
                }
            ]
        }
    ]
}
