{
    "total": 0.0198149,
    "sub": [
        {
            "class_name": "Driver",
            "sub": [
                {
                "name": "driver_line",
                "cpu_second": 0,
                "calls": 1,
                "cpu_second_per_call": 0.000000000000000,
                "cpu_second_per_total": 0.000000000000000
                },
                {
                "name": "reading",
                "cpu_second": 0.019312617,
                "calls": 1,
                "cpu_second_per_call": 0.019312617000000,
                "cpu_second_per_total": 0.974651591608393
                }
            ]
        },
        {
            "class_name": "Input",
            "sub": [
                {
                "name": "Init",
                "cpu_second": 0.01739093,
                "calls": 1,
                "cpu_second_per_call": 0.017390930000000,
                "cpu_second_per_total": 0.877669639699795
                }
            ]
        },
        {
            "class_name": "Input_Conv",
            "sub": [
                {
                "name": "Convert",
                "cpu_second": 0.000490016999999999,
                "calls": 1,
                "cpu_second_per_call": 0.000490017000000,
                "cpu_second_per_total": 0.024729732328103
                }
            ]
        }
    ]
}
