{
    "total": 0.00773701,
    "sub": [
        {
            "class_name": "Driver",
            "sub": [
                {
                "name": "driver_line",
                "cpu_second": 0,
                "calls": 1,
                "cpu_second_per_call": 0.000000000000000,
                "cpu_second_per_total": 0.000000000000000
                },
                {
                "name": "reading",
                "cpu_second": 0.007335068,
                "calls": 1,
                "cpu_second_per_call": 0.007335068000000,
                "cpu_second_per_total": 0.948049440287656
                }
            ]
        },
        {
            "class_name": "Input",
            "sub": [
                {
                "name": "Init",
                "cpu_second": 0.005574606,
                "calls": 1,
                "cpu_second_per_call": 0.005574606000000,
                "cpu_second_per_total": 0.720511670529055
                }
            ]
        },
        {
            "class_name": "Input_Conv",
            "sub": [
                {
                "name": "Convert",
                "cpu_second": 0.000402108999999999,
                "calls": 1,
                "cpu_second_per_call": 0.000402109000000,
                "cpu_second_per_total": 0.051972144277957
                }
            ]
        }
    ]
}
