{
    "total": 0.00575408,
    "sub": [
        {
            "class_name": "Driver",
            "sub": [
                {
                "name": "driver_line",
                "cpu_second": 0,
                "calls": 1,
                "cpu_second_per_call": 0.000000000000000,
                "cpu_second_per_total": 0.000000000000000
                },
                {
                "name": "reading",
                "cpu_second": 0.005141509,
                "calls": 1,
                "cpu_second_per_call": 0.005141509000000,
                "cpu_second_per_total": 0.893540831173129
                }
            ]
        },
        {
            "class_name": "Input",
            "sub": [
                {
                "name": "Init",
                "cpu_second": 0.00188451,
                "calls": 1,
                "cpu_second_per_call": 0.001884510000000,
                "cpu_second_per_total": 0.327508253268461
                }
            ]
        },
        {
            "class_name": "Input_Conv",
            "sub": [
                {
                "name": "Convert",
                "cpu_second": 0.00067494,
                "calls": 1,
                "cpu_second_per_call": 0.000674940000000,
                "cpu_second_per_total": 0.117297557699888
                }
            ]
        }
    ]
}
