{
    "total": 0.00742973,
    "sub": [
        {
            "class_name": "Driver",
            "sub": [
                {
                "name": "driver_line",
                "cpu_second": 0,
                "calls": 1,
                "cpu_second_per_call": 0.000000000000000,
                "cpu_second_per_total": 0.000000000000000
                },
                {
                "name": "reading",
                "cpu_second": 0.006729105,
                "calls": 1,
                "cpu_second_per_call": 0.006729105000000,
                "cpu_second_per_total": 0.905699437651393
                }
            ]
        },
        {
            "class_name": "Input",
            "sub": [
                {
                "name": "Init",
                "cpu_second": 0.001629286,
                "calls": 1,
                "cpu_second_per_call": 0.001629286000000,
                "cpu_second_per_total": 0.219292671755499
                }
            ]
        },
        {
            "class_name": "Input_Conv",
            "sub": [
                {
                "name": "Convert",
                "cpu_second": 0.001204601,
                "calls": 1,
                "cpu_second_per_call": 0.001204601000000,
                "cpu_second_per_total": 0.162132475016262
                }
            ]
        }
    ]
}
