{
    "total": 0.00432551,
    "sub": [
        {
            "class_name": "Driver",
            "sub": [
                {
                "name": "driver_line",
                "cpu_second": 0,
                "calls": 1,
                "cpu_second_per_call": 0.000000000000000,
                "cpu_second_per_total": 0.000000000000000
                },
                {
                "name": "reading",
                "cpu_second": 0.00402711,
                "calls": 1,
                "cpu_second_per_call": 0.004027110000000,
                "cpu_second_per_total": 0.931014345598251
                }
            ]
        },
        {
            "class_name": "Input",
            "sub": [
                {
                "name": "Init",
                "cpu_second": 0.002672708,
                "calls": 1,
                "cpu_second_per_call": 0.002672708000000,
                "cpu_second_per_total": 0.617894591802859
                }
            ]
        },
        {
            "class_name": "Input_Conv",
            "sub": [
                {
                "name": "Convert",
                "cpu_second": 0.000315799,
                "calls": 1,
                "cpu_second_per_call": 0.000315799000000,
                "cpu_second_per_total": 0.073008534488897
                }
            ]
        }
    ]
}
