{
    "total": 0.00501397,
    "sub": [
        {
            "class_name": "Driver",
            "sub": [
                {
                "name": "driver_line",
                "cpu_second": 0,
                "calls": 1,
                "cpu_second_per_call": 0.000000000000000,
                "cpu_second_per_total": 0.000000000000000
                },
                {
                "name": "reading",
                "cpu_second": 0.004620277,
                "calls": 1,
                "cpu_second_per_call": 0.004620277000000,
                "cpu_second_per_total": 0.921481334041488
                }
            ]
        },
        {
            "class_name": "Input",
            "sub": [
                {
                "name": "Init",
                "cpu_second": 0.002750376,
                "calls": 1,
                "cpu_second_per_call": 0.002750376000000,
                "cpu_second_per_total": 0.548542900262407
                }
            ]
        },
        {
            "class_name": "Input_Conv",
            "sub": [
                {
                "name": "Convert",
                "cpu_second": 0.000451988,
                "calls": 1,
                "cpu_second_per_call": 0.000451988000000,
                "cpu_second_per_total": 0.090145786759267
                }
            ]
        }
    ]
}
