{
    "total": 0.00542088,
    "sub": [
        {
            "class_name": "Driver",
            "sub": [
                {
                "name": "driver_line",
                "cpu_second": 0,
                "calls": 1,
                "cpu_second_per_call": 0.000000000000000,
                "cpu_second_per_total": 0.000000000000000
                },
                {
                "name": "reading",
                "cpu_second": 0.005011067,
                "calls": 1,
                "cpu_second_per_call": 0.005011067000000,
                "cpu_second_per_total": 0.924400508182892
                }
            ]
        },
        {
            "class_name": "Input",
            "sub": [
                {
                "name": "Init",
                "cpu_second": 0.002801654,
                "calls": 1,
                "cpu_second_per_call": 0.002801654000000,
                "cpu_second_per_total": 0.516826133307065
                }
            ]
        },
        {
            "class_name": "Input_Conv",
            "sub": [
                {
                "name": "Convert",
                "cpu_second": 0.000536126,
                "calls": 1,
                "cpu_second_per_call": 0.000536126000000,
                "cpu_second_per_total": 0.098900123835914
                }
            ]
        }
    ]
}
