{
    "total": 0.00813625,
    "sub": [
        {
            "class_name": "Driver",
            "sub": [
                {
                "name": "driver_line",
                "cpu_second": 0,
                "calls": 1,
                "cpu_second_per_call": 0.000000000000000,
                "cpu_second_per_total": 0.000000000000000
                },
                {
                "name": "reading",
                "cpu_second": 0.007564191,
                "calls": 1,
                "cpu_second_per_call": 0.007564191000000,
                "cpu_second_per_total": 0.929690547704679
                }
            ]
        },
        {
            "class_name": "Input",
            "sub": [
                {
                "name": "Init",
                "cpu_second": 0.003089055,
                "calls": 1,
                "cpu_second_per_call": 0.003089055000000,
                "cpu_second_per_total": 0.379665880308929
                }
            ]
        },
        {
            "class_name": "Input_Conv",
            "sub": [
                {
                "name": "Convert",
                "cpu_second": 0.001243828,
                "calls": 1,
                "cpu_second_per_call": 0.001243828000000,
                "cpu_second_per_total": 0.152874925364843
                }
            ]
        }
    ]
}
