{
    "total": 0.00441911,
    "sub": [
        {
            "class_name": "Driver",
            "sub": [
                {
                "name": "driver_line",
                "cpu_second": 0,
                "calls": 1,
                "cpu_second_per_call": 0.000000000000000,
                "cpu_second_per_total": 0.000000000000000
                },
                {
                "name": "reading",
                "cpu_second": 0.00402462,
                "calls": 1,
                "cpu_second_per_call": 0.004024620000000,
                "cpu_second_per_total": 0.910731305955863
                }
            ]
        },
        {
            "class_name": "Input",
            "sub": [
                {
                "name": "Init",
                "cpu_second": 0.001772941,
                "calls": 1,
                "cpu_second_per_call": 0.001772941000000,
                "cpu_second_per_total": 0.401198839222757
                }
            ]
        },
        {
            "class_name": "Input_Conv",
            "sub": [
                {
                "name": "Convert",
                "cpu_second": 0.000457059,
                "calls": 1,
                "cpu_second_per_call": 0.000457059000000,
                "cpu_second_per_total": 0.103427886351725
                }
            ]
        }
    ]
}
