{
    "total": 0.00762358,
    "sub": [
        {
            "class_name": "Driver",
            "sub": [
                {
                "name": "driver_line",
                "cpu_second": 0,
                "calls": 1,
                "cpu_second_per_call": 0.000000000000000,
                "cpu_second_per_total": 0.000000000000000
                },
                {
                "name": "reading",
                "cpu_second": 0.006995684,
                "calls": 1,
                "cpu_second_per_call": 0.006995684000000,
                "cpu_second_per_total": 0.917637886042486
                }
            ]
        },
        {
            "class_name": "Input",
            "sub": [
                {
                "name": "Init",
                "cpu_second": 0.003857687,
                "calls": 1,
                "cpu_second_per_call": 0.003857687000000,
                "cpu_second_per_total": 0.506020532616050
                }
            ]
        },
        {
            "class_name": "Input_Conv",
            "sub": [
                {
                "name": "Convert",
                "cpu_second": 0.00077459,
                "calls": 1,
                "cpu_second_per_call": 0.000774590000000,
                "cpu_second_per_total": 0.101604522181055
                }
            ]
        }
    ]
}
