{
    "total": 0.0101744,
    "sub": [
        {
            "class_name": "Driver",
            "sub": [
                {
                "name": "driver_line",
                "cpu_second": 0,
                "calls": 1,
                "cpu_second_per_call": 0.000000000000000,
                "cpu_second_per_total": 0.000000000000000
                },
                {
                "name": "reading",
                "cpu_second": 0.009379845,
                "calls": 1,
                "cpu_second_per_call": 0.009379845000000,
                "cpu_second_per_total": 0.921904367451599
                }
            ]
        },
        {
            "class_name": "Input",
            "sub": [
                {
                "name": "Init",
                "cpu_second": 0.005504964,
                "calls": 1,
                "cpu_second_per_call": 0.005504964000000,
                "cpu_second_per_total": 0.541059085119618
                }
            ]
        },
        {
            "class_name": "Input_Conv",
            "sub": [
                {
                "name": "Convert",
                "cpu_second": 0.000892217000000001,
                "calls": 1,
                "cpu_second_per_call": 0.000892217000000,
                "cpu_second_per_total": 0.087692147259850
                }
            ]
        }
    ]
}
