{
    "total": 0.00493822,
    "sub": [
        {
            "class_name": "Driver",
            "sub": [
                {
                "name": "driver_line",
                "cpu_second": 0,
                "calls": 1,
                "cpu_second_per_call": 0.000000000000000,
                "cpu_second_per_total": 0.000000000000000
                },
                {
                "name": "reading",
                "cpu_second": 0.00442098,
                "calls": 1,
                "cpu_second_per_call": 0.004420980000000,
                "cpu_second_per_total": 0.895257080278254
                }
            ]
        },
        {
            "class_name": "Input",
            "sub": [
                {
                "name": "Init",
                "cpu_second": 0.001416071,
                "calls": 1,
                "cpu_second_per_call": 0.001416071000000,
                "cpu_second_per_total": 0.286757141838847
                }
            ]
        },
        {
            "class_name": "Input_Conv",
            "sub": [
                {
                "name": "Convert",
                "cpu_second": 0.000656748,
                "calls": 1,
                "cpu_second_per_call": 0.000656748000000,
                "cpu_second_per_total": 0.132992752050130
                }
            ]
        }
    ]
}
