{
    "total": 0.00975755,
    "sub": [
        {
            "class_name": "Driver",
            "sub": [
                {
                "name": "driver_line",
                "cpu_second": 0,
                "calls": 1,
                "cpu_second_per_call": 0.000000000000000,
                "cpu_second_per_total": 0.000000000000000
                },
                {
                "name": "reading",
                "cpu_second": 0.008928015,
                "calls": 1,
                "cpu_second_per_call": 0.008928015000000,
                "cpu_second_per_total": 0.914985506604733
                }
            ]
        },
        {
            "class_name": "Input",
            "sub": [
                {
                "name": "Init",
                "cpu_second": 0.004327056,
                "calls": 1,
                "cpu_second_per_call": 0.004327056000000,
                "cpu_second_per_total": 0.443457311201544
                }
            ]
        },
        {
            "class_name": "Input_Conv",
            "sub": [
                {
                "name": "Convert",
                "cpu_second": 0.000965166,
                "calls": 1,
                "cpu_second_per_call": 0.000965166000000,
                "cpu_second_per_total": 0.098914809335296
                }
            ]
        }
    ]
}
