{
    "total": 0.0401342,
    "sub": [
        {
            "class_name": "Driver",
            "sub": [
                {
                "name": "driver_line",
                "cpu_second": 0,
                "calls": 1,
                "cpu_second_per_call": 0.000000000000000,
                "cpu_second_per_total": 0.000000000000000
                },
                {
                "name": "reading",
                "cpu_second": 0.037365359,
                "calls": 1,
                "cpu_second_per_call": 0.037365359000000,
                "cpu_second_per_total": 0.931010690162445
                }
            ]
        },
        {
            "class_name": "Input",
            "sub": [
                {
                "name": "Init",
                "cpu_second": 0.031907899,
                "calls": 1,
                "cpu_second_per_call": 0.031907899000000,
                "cpu_second_per_total": 0.795030366752895
                }
            ]
        },
        {
            "class_name": "Input_Conv",
            "sub": [
                {
                "name": "Convert",
                "cpu_second": 0.001193589,
                "calls": 1,
                "cpu_second_per_call": 0.001193589000000,
                "cpu_second_per_total": 0.029739955627358
                }
            ]
        }
    ]
}
