{
    "total": 0.0100261,
    "sub": [
        {
            "class_name": "Driver",
            "sub": [
                {
                "name": "driver_line",
                "cpu_second": 0,
                "calls": 1,
                "cpu_second_per_call": 0.000000000000000,
                "cpu_second_per_total": 0.000000000000000
                },
                {
                "name": "reading",
                "cpu_second": 0.009274411,
                "calls": 1,
                "cpu_second_per_call": 0.009274411000000,
                "cpu_second_per_total": 0.925024842608622
                }
            ]
        },
        {
            "class_name": "Input",
            "sub": [
                {
                "name": "Init",
                "cpu_second": 0.005363418,
                "calls": 1,
                "cpu_second_per_call": 0.005363418000000,
                "cpu_second_per_total": 0.534944471545875
                }
            ]
        },
        {
            "class_name": "Input_Conv",
            "sub": [
                {
                "name": "Convert",
                "cpu_second": 0.000921044,
                "calls": 1,
                "cpu_second_per_call": 0.000921044000000,
                "cpu_second_per_total": 0.091864440893941
                }
            ]
        }
    ]
}
