{
    "total": 0.0045952,
    "sub": [
        {
            "class_name": "Driver",
            "sub": [
                {
                "name": "driver_line",
                "cpu_second": 0,
                "calls": 1,
                "cpu_second_per_call": 0.000000000000000,
                "cpu_second_per_total": 0.000000000000000
                },
                {
                "name": "reading",
                "cpu_second": 0.004099302,
                "calls": 1,
                "cpu_second_per_call": 0.004099302000000,
                "cpu_second_per_total": 0.892082896011340
                }
            ]
        },
        {
            "class_name": "Input",
            "sub": [
                {
                "name": "Init",
                "cpu_second": 0.001375269,
                "calls": 1,
                "cpu_second_per_call": 0.001375269000000,
                "cpu_second_per_total": 0.299283622508081
                }
            ]
        },
        {
            "class_name": "Input_Conv",
            "sub": [
                {
                "name": "Convert",
                "cpu_second": 0.000535658,
                "calls": 1,
                "cpu_second_per_call": 0.000535658000000,
                "cpu_second_per_total": 0.116568952448891
                }
            ]
        }
    ]
}
