{
    "total": 0.0121437,
    "sub": [
        {
            "class_name": "Driver",
            "sub": [
                {
                "name": "driver_line",
                "cpu_second": 0,
                "calls": 1,
                "cpu_second_per_call": 0.000000000000000,
                "cpu_second_per_total": 0.000000000000000
                },
                {
                "name": "reading",
                "cpu_second": 0.010939734,
                "calls": 1,
                "cpu_second_per_call": 0.010939734000000,
                "cpu_second_per_total": 0.900860375516391
                }
            ]
        },
        {
            "class_name": "Input",
            "sub": [
                {
                "name": "Init",
                "cpu_second": 0.005813638,
                "calls": 1,
                "cpu_second_per_call": 0.005813638000000,
                "cpu_second_per_total": 0.478738889976334
                }
            ]
        },
        {
            "class_name": "Input_Conv",
            "sub": [
                {
                "name": "Convert",
                "cpu_second": 0.001003832,
                "calls": 1,
                "cpu_second_per_call": 0.001003832000000,
                "cpu_second_per_total": 0.082663113424455
                }
            ]
        }
    ]
}
