{
    "total": 0.0130348,
    "sub": [
        {
            "class_name": "Driver",
            "sub": [
                {
                "name": "driver_line",
                "cpu_second": 0,
                "calls": 1,
                "cpu_second_per_call": 0.000000000000000,
                "cpu_second_per_total": 0.000000000000000
                },
                {
                "name": "reading",
                "cpu_second": 0.012143207,
                "calls": 1,
                "cpu_second_per_call": 0.012143207000000,
                "cpu_second_per_total": 0.931596954589891
                }
            ]
        },
        {
            "class_name": "Input",
            "sub": [
                {
                "name": "Init",
                "cpu_second": 0.005587418,
                "calls": 1,
                "cpu_second_per_call": 0.005587418000000,
                "cpu_second_per_total": 0.428652957395912
                }
            ]
        },
        {
            "class_name": "Input_Conv",
            "sub": [
                {
                "name": "Convert",
                "cpu_second": 0.00147774,
                "calls": 1,
                "cpu_second_per_call": 0.001477740000000,
                "cpu_second_per_total": 0.113368575836323
                }
            ]
        }
    ]
}
