{
    "total": 0.00307388,
    "sub": [
        {
            "class_name": "Driver",
            "sub": [
                {
                "name": "driver_line",
                "cpu_second": 0,
                "calls": 1,
                "cpu_second_per_call": 0.000000000000000,
                "cpu_second_per_total": 0.000000000000000
                },
                {
                "name": "reading",
                "cpu_second": 0.002804057,
                "calls": 1,
                "cpu_second_per_call": 0.002804057000000,
                "cpu_second_per_total": 0.912219524224076
                }
            ]
        },
        {
            "class_name": "Input",
            "sub": [
                {
                "name": "Init",
                "cpu_second": 0.001450429,
                "calls": 1,
                "cpu_second_per_call": 0.001450429000000,
                "cpu_second_per_total": 0.471855476654292
                }
            ]
        },
        {
            "class_name": "Input_Conv",
            "sub": [
                {
                "name": "Convert",
                "cpu_second": 0.000277042,
                "calls": 1,
                "cpu_second_per_call": 0.000277042000000,
                "cpu_second_per_total": 0.090127669098769
                }
            ]
        }
    ]
}
