{
    "total": 0.00454315,
    "sub": [
        {
            "class_name": "Driver",
            "sub": [
                {
                "name": "driver_line",
                "cpu_second": 0,
                "calls": 1,
                "cpu_second_per_call": 0.000000000000000,
                "cpu_second_per_total": 0.000000000000000
                },
                {
                "name": "reading",
                "cpu_second": 0.004069249,
                "calls": 1,
                "cpu_second_per_call": 0.004069249000000,
                "cpu_second_per_total": 0.895688894269395
                }
            ]
        },
        {
            "class_name": "Input",
            "sub": [
                {
                "name": "Init",
                "cpu_second": 0.001483217,
                "calls": 1,
                "cpu_second_per_call": 0.001483217000000,
                "cpu_second_per_total": 0.326473261943806
                }
            ]
        },
        {
            "class_name": "Input_Conv",
            "sub": [
                {
                "name": "Convert",
                "cpu_second": 0.000578366,
                "calls": 1,
                "cpu_second_per_call": 0.000578366000000,
                "cpu_second_per_total": 0.127305063667279
                }
            ]
        }
    ]
}
