{
    "total": 0.0104199,
    "sub": [
        {
            "class_name": "Driver",
            "sub": [
                {
                "name": "driver_line",
                "cpu_second": 0,
                "calls": 1,
                "cpu_second_per_call": 0.000000000000000,
                "cpu_second_per_total": 0.000000000000000
                },
                {
                "name": "reading",
                "cpu_second": 0.009636691,
                "calls": 1,
                "cpu_second_per_call": 0.009636691000000,
                "cpu_second_per_total": 0.924835622159761
                }
            ]
        },
        {
            "class_name": "Input",
            "sub": [
                {
                "name": "Init",
                "cpu_second": 0.005596552,
                "calls": 1,
                "cpu_second_per_call": 0.005596552000000,
                "cpu_second_per_total": 0.537102481637053
                }
            ]
        },
        {
            "class_name": "Input_Conv",
            "sub": [
                {
                "name": "Convert",
                "cpu_second": 0.000936812,
                "calls": 1,
                "cpu_second_per_call": 0.000936812000000,
                "cpu_second_per_total": 0.089906079676803
                }
            ]
        }
    ]
}
