{
    "total": 0.00423546,
    "sub": [
        {
            "class_name": "Driver",
            "sub": [
                {
                "name": "driver_line",
                "cpu_second": 0,
                "calls": 1,
                "cpu_second_per_call": 0.000000000000000,
                "cpu_second_per_total": 0.000000000000000
                },
                {
                "name": "reading",
                "cpu_second": 0.003820113,
                "calls": 1,
                "cpu_second_per_call": 0.003820113000000,
                "cpu_second_per_total": 0.901936438027821
                }
            ]
        },
        {
            "class_name": "Input",
            "sub": [
                {
                "name": "Init",
                "cpu_second": 0.001324988,
                "calls": 1,
                "cpu_second_per_call": 0.001324988000000,
                "cpu_second_per_total": 0.312832357877792
                }
            ]
        },
        {
            "class_name": "Input_Conv",
            "sub": [
                {
                "name": "Convert",
                "cpu_second": 0.0004985,
                "calls": 1,
                "cpu_second_per_call": 0.000498500000000,
                "cpu_second_per_total": 0.117696862463720
                }
            ]
        }
    ]
}
