{
    "total": 0.0437971,
    "sub": [
        {
            "class_name": "Driver",
            "sub": [
                {
                "name": "driver_line",
                "cpu_second": 0,
                "calls": 1,
                "cpu_second_per_call": 0.000000000000000,
                "cpu_second_per_total": 0.000000000000000
                },
                {
                "name": "reading",
                "cpu_second": 0.04261322,
                "calls": 1,
                "cpu_second_per_call": 0.042613220000000,
                "cpu_second_per_total": 0.972969897362286
                }
            ]
        },
        {
            "class_name": "Input",
            "sub": [
                {
                "name": "Init",
                "cpu_second": 0.038251783,
                "calls": 1,
                "cpu_second_per_call": 0.038251783000000,
                "cpu_second_per_total": 0.873387023544206
                }
            ]
        },
        {
            "class_name": "Input_Conv",
            "sub": [
                {
                "name": "Convert",
                "cpu_second": 0.000996680999999999,
                "calls": 1,
                "cpu_second_per_call": 0.000996681000000,
                "cpu_second_per_total": 0.022756802003532
                }
            ]
        }
    ]
}
