{
    "total": 0.0858251,
    "sub": [
        {
            "class_name": "Driver",
            "sub": [
                {
                "name": "driver_line",
                "cpu_second": 0,
                "calls": 1,
                "cpu_second_per_call": 0.000000000000000,
                "cpu_second_per_total": 0.000000000000000
                },
                {
                "name": "reading",
                "cpu_second": 0.063608021,
                "calls": 1,
                "cpu_second_per_call": 0.063608021000000,
                "cpu_second_per_total": 0.741135698734730
                }
            ]
        },
        {
            "class_name": "Input",
            "sub": [
                {
                "name": "Init",
                "cpu_second": 0.030589701,
                "calls": 1,
                "cpu_second_per_call": 0.030589701000000,
                "cpu_second_per_total": 0.356419191609836
                }
            ]
        },
        {
            "class_name": "Input_Conv",
            "sub": [
                {
                "name": "Convert",
                "cpu_second": 0.001149126,
                "calls": 1,
                "cpu_second_per_call": 0.001149126000000,
                "cpu_second_per_total": 0.013389165195758
                }
            ]
        }
    ]
}
