{
    "total": 0.038922,
    "sub": [
        {
            "class_name": "Driver",
            "sub": [
                {
                "name": "driver_line",
                "cpu_second": 0,
                "calls": 1,
                "cpu_second_per_call": 0.000000000000000,
                "cpu_second_per_total": 0.000000000000000
                },
                {
                "name": "reading",
                "cpu_second": 0.034925419,
                "calls": 1,
                "cpu_second_per_call": 0.034925419000000,
                "cpu_second_per_total": 0.897317255279599
                }
            ]
        },
        {
            "class_name": "Input",
            "sub": [
                {
                "name": "Init",
                "cpu_second": 0.028026019,
                "calls": 1,
                "cpu_second_per_call": 0.028026019000000,
                "cpu_second_per_total": 0.720055225264266
                }
            ]
        },
        {
            "class_name": "Input_Conv",
            "sub": [
                {
                "name": "Convert",
                "cpu_second": 0.00302332,
                "calls": 1,
                "cpu_second_per_call": 0.003023320000000,
                "cpu_second_per_total": 0.077676296574478
                }
            ]
        }
    ]
}
