{
    "total": 0.0100301,
    "sub": [
        {
            "class_name": "Driver",
            "sub": [
                {
                "name": "driver_line",
                "cpu_second": 0,
                "calls": 1,
                "cpu_second_per_call": 0.000000000000000,
                "cpu_second_per_total": 0.000000000000000
                },
                {
                "name": "reading",
                "cpu_second": 0.009192937,
                "calls": 1,
                "cpu_second_per_call": 0.009192937000000,
                "cpu_second_per_total": 0.916531823004558
                }
            ]
        },
        {
            "class_name": "Input",
            "sub": [
                {
                "name": "Init",
                "cpu_second": 0.004860537,
                "calls": 1,
                "cpu_second_per_call": 0.004860537000000,
                "cpu_second_per_total": 0.484593426169581
                }
            ]
        },
        {
            "class_name": "Input_Conv",
            "sub": [
                {
                "name": "Convert",
                "cpu_second": 0.000874008,
                "calls": 1,
                "cpu_second_per_call": 0.000874008000000,
                "cpu_second_per_total": 0.087138217694798
                }
            ]
        }
    ]
}
