{
    "total": 0.00907878,
    "sub": [
        {
            "class_name": "Driver",
            "sub": [
                {
                "name": "driver_line",
                "cpu_second": 0,
                "calls": 1,
                "cpu_second_per_call": 0.000000000000000,
                "cpu_second_per_total": 0.000000000000000
                },
                {
                "name": "reading",
                "cpu_second": 0.008411113,
                "calls": 1,
                "cpu_second_per_call": 0.008411113000000,
                "cpu_second_per_total": 0.926458306852175
                }
            ]
        },
        {
            "class_name": "Input",
            "sub": [
                {
                "name": "Init",
                "cpu_second": 0.00444112,
                "calls": 1,
                "cpu_second_per_call": 0.004441120000000,
                "cpu_second_per_total": 0.489175750667876
                }
            ]
        },
        {
            "class_name": "Input_Conv",
            "sub": [
                {
                "name": "Convert",
                "cpu_second": 0.001120451,
                "calls": 1,
                "cpu_second_per_call": 0.001120451000000,
                "cpu_second_per_total": 0.123414242130717
                }
            ]
        }
    ]
}
