{
    "total": 0.00737863,
    "sub": [
        {
            "class_name": "Driver",
            "sub": [
                {
                "name": "driver_line",
                "cpu_second": 0,
                "calls": 1,
                "cpu_second_per_call": 0.000000000000000,
                "cpu_second_per_total": 0.000000000000000
                },
                {
                "name": "reading",
                "cpu_second": 0.00692120399999998,
                "calls": 1,
                "cpu_second_per_call": 0.006921204000000,
                "cpu_second_per_total": 0.938006267556607
                }
            ]
        },
        {
            "class_name": "Input",
            "sub": [
                {
                "name": "Init",
                "cpu_second": 0.00440490100000002,
                "calls": 1,
                "cpu_second_per_call": 0.004404901000000,
                "cpu_second_per_total": 0.596980633133541
                }
            ]
        },
        {
            "class_name": "Input_Conv",
            "sub": [
                {
                "name": "Convert",
                "cpu_second": 0.000679840999999959,
                "calls": 1,
                "cpu_second_per_call": 0.000679841000000,
                "cpu_second_per_total": 0.092136443159588
                }
            ]
        }
    ]
}
