{
    "total": 0.0116259,
    "sub": [
        {
            "class_name": "Driver",
            "sub": [
                {
                "name": "driver_line",
                "cpu_second": 0,
                "calls": 1,
                "cpu_second_per_call": 0.000000000000000,
                "cpu_second_per_total": 0.000000000000000
                },
                {
                "name": "reading",
                "cpu_second": 0.010770544,
                "calls": 1,
                "cpu_second_per_call": 0.010770544000000,
                "cpu_second_per_total": 0.926425968068389
                }
            ]
        },
        {
            "class_name": "Input",
            "sub": [
                {
                "name": "Init",
                "cpu_second": 0.005924701,
                "calls": 1,
                "cpu_second_per_call": 0.005924701000000,
                "cpu_second_per_total": 0.509611850565835
                }
            ]
        },
        {
            "class_name": "Input_Conv",
            "sub": [
                {
                "name": "Convert",
                "cpu_second": 0.001426662,
                "calls": 1,
                "cpu_second_per_call": 0.001426662000000,
                "cpu_second_per_total": 0.122714017458764
                }
            ]
        }
    ]
}
