{
    "total": 0.00481599,
    "sub": [
        {
            "class_name": "Driver",
            "sub": [
                {
                "name": "driver_line",
                "cpu_second": 0,
                "calls": 1,
                "cpu_second_per_call": 0.000000000000000,
                "cpu_second_per_total": 0.000000000000000
                },
                {
                "name": "reading",
                "cpu_second": 0.004467833,
                "calls": 1,
                "cpu_second_per_call": 0.004467833000000,
                "cpu_second_per_total": 0.927708884535794
                }
            ]
        },
        {
            "class_name": "Input",
            "sub": [
                {
                "name": "Init",
                "cpu_second": 0.002797541,
                "calls": 1,
                "cpu_second_per_call": 0.002797541000000,
                "cpu_second_per_total": 0.580886447759607
                }
            ]
        },
        {
            "class_name": "Input_Conv",
            "sub": [
                {
                "name": "Convert",
                "cpu_second": 0.000387651,
                "calls": 1,
                "cpu_second_per_call": 0.000387651000000,
                "cpu_second_per_total": 0.080492551265722
                }
            ]
        }
    ]
}
