{
    "total": 0.0102499,
    "sub": [
        {
            "class_name": "Driver",
            "sub": [
                {
                "name": "driver_line",
                "cpu_second": 0,
                "calls": 1,
                "cpu_second_per_call": 0.000000000000000,
                "cpu_second_per_total": 0.000000000000000
                },
                {
                "name": "reading",
                "cpu_second": 0.009522936,
                "calls": 1,
                "cpu_second_per_call": 0.009522936000000,
                "cpu_second_per_total": 0.929072909152390
                }
            ]
        },
        {
            "class_name": "Input",
            "sub": [
                {
                "name": "Init",
                "cpu_second": 0.005633982,
                "calls": 1,
                "cpu_second_per_call": 0.005633982000000,
                "cpu_second_per_total": 0.549660319764010
                }
            ]
        },
        {
            "class_name": "Input_Conv",
            "sub": [
                {
                "name": "Convert",
                "cpu_second": 0.000948001,
                "calls": 1,
                "cpu_second_per_call": 0.000948001000000,
                "cpu_second_per_total": 0.092488497974719
                }
            ]
        }
    ]
}
