{
    "total": 0.0109769,
    "sub": [
        {
            "class_name": "Driver",
            "sub": [
                {
                "name": "driver_line",
                "cpu_second": 0,
                "calls": 1,
                "cpu_second_per_call": 0.000000000000000,
                "cpu_second_per_total": 0.000000000000000
                },
                {
                "name": "reading",
                "cpu_second": 0.010179308,
                "calls": 1,
                "cpu_second_per_call": 0.010179308000000,
                "cpu_second_per_total": 0.927342934505643
                }
            ]
        },
        {
            "class_name": "Input",
            "sub": [
                {
                "name": "Init",
                "cpu_second": 0.006001228,
                "calls": 1,
                "cpu_second_per_call": 0.006001228000000,
                "cpu_second_per_total": 0.546716572890557
                }
            ]
        },
        {
            "class_name": "Input_Conv",
            "sub": [
                {
                "name": "Convert",
                "cpu_second": 0.000992764,
                "calls": 1,
                "cpu_second_per_call": 0.000992764000000,
                "cpu_second_per_total": 0.090441578251838
                }
            ]
        }
    ]
}
