{
    "total": 0.00938338,
    "sub": [
        {
            "class_name": "Driver",
            "sub": [
                {
                "name": "driver_line",
                "cpu_second": 0,
                "calls": 1,
                "cpu_second_per_call": 0.000000000000000,
                "cpu_second_per_total": 0.000000000000000
                },
                {
                "name": "reading",
                "cpu_second": 0.008745481,
                "calls": 1,
                "cpu_second_per_call": 0.008745481000000,
                "cpu_second_per_total": 0.932018206659008
                }
            ]
        },
        {
            "class_name": "Input",
            "sub": [
                {
                "name": "Init",
                "cpu_second": 0.005563316,
                "calls": 1,
                "cpu_second_per_call": 0.005563316000000,
                "cpu_second_per_total": 0.592890408360314
                }
            ]
        },
        {
            "class_name": "Input_Conv",
            "sub": [
                {
                "name": "Convert",
                "cpu_second": 0.000769560999999999,
                "calls": 1,
                "cpu_second_per_call": 0.000769561000000,
                "cpu_second_per_total": 0.082013197802924
                }
            ]
        }
    ]
}
