{
    "total": 0.00570638,
    "sub": [
        {
            "class_name": "Driver",
            "sub": [
                {
                "name": "driver_line",
                "cpu_second": 0,
                "calls": 1,
                "cpu_second_per_call": 0.000000000000000,
                "cpu_second_per_total": 0.000000000000000
                },
                {
                "name": "reading",
                "cpu_second": 0.005256548,
                "calls": 1,
                "cpu_second_per_call": 0.005256548000000,
                "cpu_second_per_total": 0.921170823448924
                }
            ]
        },
        {
            "class_name": "Input",
            "sub": [
                {
                "name": "Init",
                "cpu_second": 0.003331881,
                "calls": 1,
                "cpu_second_per_call": 0.003331881000000,
                "cpu_second_per_total": 0.583887289605997
                }
            ]
        },
        {
            "class_name": "Input_Conv",
            "sub": [
                {
                "name": "Convert",
                "cpu_second": 0.000486324,
                "calls": 1,
                "cpu_second_per_call": 0.000486324000000,
                "cpu_second_per_total": 0.085224653050438
                }
            ]
        }
    ]
}
