{
    "total": 0.00591807,
    "sub": [
        {
            "class_name": "Driver",
            "sub": [
                {
                "name": "driver_line",
                "cpu_second": 0,
                "calls": 1,
                "cpu_second_per_call": 0.000000000000000,
                "cpu_second_per_total": 0.000000000000000
                },
                {
                "name": "reading",
                "cpu_second": 0.005408935,
                "calls": 1,
                "cpu_second_per_call": 0.005408935000000,
                "cpu_second_per_total": 0.913969573521363
                }
            ]
        },
        {
            "class_name": "Input",
            "sub": [
                {
                "name": "Init",
                "cpu_second": 0.00338179,
                "calls": 1,
                "cpu_second_per_call": 0.003381790000000,
                "cpu_second_per_total": 0.571434702772137
                }
            ]
        },
        {
            "class_name": "Input_Conv",
            "sub": [
                {
                "name": "Convert",
                "cpu_second": 0.000530641,
                "calls": 1,
                "cpu_second_per_call": 0.000530641000000,
                "cpu_second_per_total": 0.089664551055420
                }
            ]
        }
    ]
}
