{
    "total": 0.00546006,
    "sub": [
        {
            "class_name": "Driver",
            "sub": [
                {
                "name": "driver_line",
                "cpu_second": 0,
                "calls": 1,
                "cpu_second_per_call": 0.000000000000000,
                "cpu_second_per_total": 0.000000000000000
                },
                {
                "name": "reading",
                "cpu_second": 0.005054318,
                "calls": 1,
                "cpu_second_per_call": 0.005054318000000,
                "cpu_second_per_total": 0.925689434068283
                }
            ]
        },
        {
            "class_name": "Input",
            "sub": [
                {
                "name": "Init",
                "cpu_second": 0.003070959,
                "calls": 1,
                "cpu_second_per_call": 0.003070959000000,
                "cpu_second_per_total": 0.562440728651600
                }
            ]
        },
        {
            "class_name": "Input_Conv",
            "sub": [
                {
                "name": "Convert",
                "cpu_second": 0.00045118,
                "calls": 1,
                "cpu_second_per_call": 0.000451180000000,
                "cpu_second_per_total": 0.082632821849145
                }
            ]
        }
    ]
}
