{
    "total": 0.00855968,
    "sub": [
        {
            "class_name": "Driver",
            "sub": [
                {
                "name": "driver_line",
                "cpu_second": 0,
                "calls": 1,
                "cpu_second_per_call": 0.000000000000000,
                "cpu_second_per_total": 0.000000000000000
                },
                {
                "name": "reading",
                "cpu_second": 0.008145599,
                "calls": 1,
                "cpu_second_per_call": 0.008145599000000,
                "cpu_second_per_total": 0.951624020611981
                }
            ]
        },
        {
            "class_name": "Input",
            "sub": [
                {
                "name": "Init",
                "cpu_second": 0.005824446,
                "calls": 1,
                "cpu_second_per_call": 0.005824446000000,
                "cpu_second_per_total": 0.680451213024035
                }
            ]
        },
        {
            "class_name": "Input_Conv",
            "sub": [
                {
                "name": "Convert",
                "cpu_second": 0.000489372,
                "calls": 1,
                "cpu_second_per_call": 0.000489372000000,
                "cpu_second_per_total": 0.057171750072024
                }
            ]
        }
    ]
}
