{
    "total": 0.0103351,
    "sub": [
        {
            "class_name": "Driver",
            "sub": [
                {
                "name": "driver_line",
                "cpu_second": 0,
                "calls": 1,
                "cpu_second_per_call": 0.000000000000000,
                "cpu_second_per_total": 0.000000000000000
                },
                {
                "name": "reading",
                "cpu_second": 0.009577715,
                "calls": 1,
                "cpu_second_per_call": 0.009577715000000,
                "cpu_second_per_total": 0.926717027079172
                }
            ]
        },
        {
            "class_name": "Input",
            "sub": [
                {
                "name": "Init",
                "cpu_second": 0.005655401,
                "calls": 1,
                "cpu_second_per_call": 0.005655401000000,
                "cpu_second_per_total": 0.547203210960085
                }
            ]
        },
        {
            "class_name": "Input_Conv",
            "sub": [
                {
                "name": "Convert",
                "cpu_second": 0.000916419,
                "calls": 1,
                "cpu_second_per_call": 0.000916419000000,
                "cpu_second_per_total": 0.088670532714626
                }
            ]
        }
    ]
}
