{
    "total": 0.00572646,
    "sub": [
        {
            "class_name": "Driver",
            "sub": [
                {
                "name": "driver_line",
                "cpu_second": 0,
                "calls": 1,
                "cpu_second_per_call": 0.000000000000000,
                "cpu_second_per_total": 0.000000000000000
                },
                {
                "name": "reading",
                "cpu_second": 0.005301991,
                "calls": 1,
                "cpu_second_per_call": 0.005301991000000,
                "cpu_second_per_total": 0.925875199774241
                }
            ]
        },
        {
            "class_name": "Input",
            "sub": [
                {
                "name": "Init",
                "cpu_second": 0.003370787,
                "calls": 1,
                "cpu_second_per_call": 0.003370787000000,
                "cpu_second_per_total": 0.588633229860521
                }
            ]
        },
        {
            "class_name": "Input_Conv",
            "sub": [
                {
                "name": "Convert",
                "cpu_second": 0.000463147,
                "calls": 1,
                "cpu_second_per_call": 0.000463147000000,
                "cpu_second_per_total": 0.080878357045465
                }
            ]
        }
    ]
}
