{
    "total": 0.0106136,
    "sub": [
        {
            "class_name": "Driver",
            "sub": [
                {
                "name": "driver_line",
                "cpu_second": 0,
                "calls": 1,
                "cpu_second_per_call": 0.000000000000000,
                "cpu_second_per_total": 0.000000000000000
                },
                {
                "name": "reading",
                "cpu_second": 0.009810215,
                "calls": 1,
                "cpu_second_per_call": 0.009810215000000,
                "cpu_second_per_total": 0.924304163084007
                }
            ]
        },
        {
            "class_name": "Input",
            "sub": [
                {
                "name": "Init",
                "cpu_second": 0.005853126,
                "calls": 1,
                "cpu_second_per_call": 0.005853126000000,
                "cpu_second_per_total": 0.551473003278240
                }
            ]
        },
        {
            "class_name": "Input_Conv",
            "sub": [
                {
                "name": "Convert",
                "cpu_second": 0.000944336,
                "calls": 1,
                "cpu_second_per_call": 0.000944336000000,
                "cpu_second_per_total": 0.088973961951914
                }
            ]
        }
    ]
}
