{
    "total": 0.0080541,
    "sub": [
        {
            "class_name": "Driver",
            "sub": [
                {
                "name": "driver_line",
                "cpu_second": 0,
                "calls": 1,
                "cpu_second_per_call": 0.000000000000000,
                "cpu_second_per_total": 0.000000000000000
                },
                {
                "name": "reading",
                "cpu_second": 0.007151802,
                "calls": 1,
                "cpu_second_per_call": 0.007151802000000,
                "cpu_second_per_total": 0.887969909502038
                }
            ]
        },
        {
            "class_name": "Input",
            "sub": [
                {
                "name": "Init",
                "cpu_second": 0.002571204,
                "calls": 1,
                "cpu_second_per_call": 0.002571204000000,
                "cpu_second_per_total": 0.319241469938804
                }
            ]
        },
        {
            "class_name": "Input_Conv",
            "sub": [
                {
                "name": "Convert",
                "cpu_second": 0.000976377,
                "calls": 1,
                "cpu_second_per_call": 0.000976377000000,
                "cpu_second_per_total": 0.121227265006759
                }
            ]
        }
    ]
}
