{
    "total": 0.0153377,
    "sub": [
        {
            "class_name": "Driver",
            "sub": [
                {
                "name": "driver_line",
                "cpu_second": 0,
                "calls": 1,
                "cpu_second_per_call": 0.000000000000000,
                "cpu_second_per_total": 0.000000000000000
                },
                {
                "name": "reading",
                "cpu_second": 0.014887559,
                "calls": 1,
                "cpu_second_per_call": 0.014887559000000,
                "cpu_second_per_total": 0.970653171527802
                }
            ]
        },
        {
            "class_name": "Input",
            "sub": [
                {
                "name": "Init",
                "cpu_second": 0.012402918,
                "calls": 1,
                "cpu_second_per_call": 0.012402918000000,
                "cpu_second_per_total": 0.808657194433236
                }
            ]
        },
        {
            "class_name": "Input_Conv",
            "sub": [
                {
                "name": "Convert",
                "cpu_second": 0.000531754000000001,
                "calls": 1,
                "cpu_second_per_call": 0.000531754000000,
                "cpu_second_per_total": 0.034669800910451
                }
            ]
        }
    ]
}
