{
    "total": 0.00546941,
    "sub": [
        {
            "class_name": "Driver",
            "sub": [
                {
                "name": "driver_line",
                "cpu_second": 0,
                "calls": 1,
                "cpu_second_per_call": 0.000000000000000,
                "cpu_second_per_total": 0.000000000000000
                },
                {
                "name": "reading",
                "cpu_second": 0.005107337,
                "calls": 1,
                "cpu_second_per_call": 0.005107337000000,
                "cpu_second_per_total": 0.933800355065720
                }
            ]
        },
        {
            "class_name": "Input",
            "sub": [
                {
                "name": "Init",
                "cpu_second": 0.002917443,
                "calls": 1,
                "cpu_second_per_call": 0.002917443000000,
                "cpu_second_per_total": 0.533410916351124
                }
            ]
        },
        {
            "class_name": "Input_Conv",
            "sub": [
                {
                "name": "Convert",
                "cpu_second": 0.000543383,
                "calls": 1,
                "cpu_second_per_call": 0.000543383000000,
                "cpu_second_per_total": 0.099349472795055
                }
            ]
        }
    ]
}
