{
    "total": 0.00787618,
    "sub": [
        {
            "class_name": "Driver",
            "sub": [
                {
                "name": "driver_line",
                "cpu_second": 0,
                "calls": 1,
                "cpu_second_per_call": 0.000000000000000,
                "cpu_second_per_total": 0.000000000000000
                },
                {
                "name": "reading",
                "cpu_second": 0.007043109,
                "calls": 1,
                "cpu_second_per_call": 0.007043109000000,
                "cpu_second_per_total": 0.894228828130178
                }
            ]
        },
        {
            "class_name": "Input",
            "sub": [
                {
                "name": "Init",
                "cpu_second": 0.002346478,
                "calls": 1,
                "cpu_second_per_call": 0.002346478000000,
                "cpu_second_per_total": 0.297920743832481
                }
            ]
        },
        {
            "class_name": "Input_Conv",
            "sub": [
                {
                "name": "Convert",
                "cpu_second": 0.000925199,
                "calls": 1,
                "cpu_second_per_call": 0.000925199000000,
                "cpu_second_per_total": 0.117467955920775
                }
            ]
        }
    ]
}
