{
    "total": 0.00528337,
    "sub": [
        {
            "class_name": "Driver",
            "sub": [
                {
                "name": "driver_line",
                "cpu_second": 0,
                "calls": 1,
                "cpu_second_per_call": 0.000000000000000,
                "cpu_second_per_total": 0.000000000000000
                },
                {
                "name": "reading",
                "cpu_second": 0.004884492,
                "calls": 1,
                "cpu_second_per_call": 0.004884492000000,
                "cpu_second_per_total": 0.924502760736893
                }
            ]
        },
        {
            "class_name": "Input",
            "sub": [
                {
                "name": "Init",
                "cpu_second": 0.002999772,
                "calls": 1,
                "cpu_second_per_call": 0.002999772000000,
                "cpu_second_per_total": 0.567776033941960
                }
            ]
        },
        {
            "class_name": "Input_Conv",
            "sub": [
                {
                "name": "Convert",
                "cpu_second": 0.000414839,
                "calls": 1,
                "cpu_second_per_call": 0.000414839000000,
                "cpu_second_per_total": 0.078517848071270
                }
            ]
        }
    ]
}
