{
    "total": 0.00535353,
    "sub": [
        {
            "class_name": "Driver",
            "sub": [
                {
                "name": "driver_line",
                "cpu_second": 0,
                "calls": 1,
                "cpu_second_per_call": 0.000000000000000,
                "cpu_second_per_total": 0.000000000000000
                },
                {
                "name": "reading",
                "cpu_second": 0.004557278,
                "calls": 1,
                "cpu_second_per_call": 0.004557278000000,
                "cpu_second_per_total": 0.851266623156402
                }
            ]
        },
        {
            "class_name": "Input",
            "sub": [
                {
                "name": "Init",
                "cpu_second": 0.001195199,
                "calls": 1,
                "cpu_second_per_call": 0.001195199000000,
                "cpu_second_per_total": 0.223254542893786
                }
            ]
        },
        {
            "class_name": "Input_Conv",
            "sub": [
                {
                "name": "Convert",
                "cpu_second": 0.000773735,
                "calls": 1,
                "cpu_second_per_call": 0.000773735000000,
                "cpu_second_per_total": 0.144528111005718
                }
            ]
        }
    ]
}
