{
    "total": 0.00582563,
    "sub": [
        {
            "class_name": "Driver",
            "sub": [
                {
                "name": "driver_line",
                "cpu_second": 0,
                "calls": 1,
                "cpu_second_per_call": 0.000000000000000,
                "cpu_second_per_total": 0.000000000000000
                },
                {
                "name": "reading",
                "cpu_second": 0.00539522,
                "calls": 1,
                "cpu_second_per_call": 0.005395220000000,
                "cpu_second_per_total": 0.926117385012066
                }
            ]
        },
        {
            "class_name": "Input",
            "sub": [
                {
                "name": "Init",
                "cpu_second": 0.003584624,
                "calls": 1,
                "cpu_second_per_call": 0.003584624000000,
                "cpu_second_per_total": 0.615319227970591
                }
            ]
        },
        {
            "class_name": "Input_Conv",
            "sub": [
                {
                "name": "Convert",
                "cpu_second": 0.000445351,
                "calls": 1,
                "cpu_second_per_call": 0.000445351000000,
                "cpu_second_per_total": 0.076446799858487
                }
            ]
        }
    ]
}
