{
    "total": 0.0223519,
    "sub": [
        {
            "class_name": "Driver",
            "sub": [
                {
                "name": "driver_line",
                "cpu_second": 0,
                "calls": 1,
                "cpu_second_per_call": 0.000000000000000,
                "cpu_second_per_total": 0.000000000000000
                },
                {
                "name": "reading",
                "cpu_second": 0.021742141,
                "calls": 1,
                "cpu_second_per_call": 0.021742141000000,
                "cpu_second_per_total": 0.972719166854570
                }
            ]
        },
        {
            "class_name": "Input",
            "sub": [
                {
                "name": "Init",
                "cpu_second": 0.01964728,
                "calls": 1,
                "cpu_second_per_call": 0.019647280000000,
                "cpu_second_per_total": 0.878997419461057
                }
            ]
        },
        {
            "class_name": "Input_Conv",
            "sub": [
                {
                "name": "Convert",
                "cpu_second": 0.000559456999999999,
                "calls": 1,
                "cpu_second_per_call": 0.000559457000000,
                "cpu_second_per_total": 0.025029482925852
                }
            ]
        }
    ]
}
