{
    "total": 0.00724456,
    "sub": [
        {
            "class_name": "Driver",
            "sub": [
                {
                "name": "driver_line",
                "cpu_second": 0,
                "calls": 1,
                "cpu_second_per_call": 0.000000000000000,
                "cpu_second_per_total": 0.000000000000000
                },
                {
                "name": "reading",
                "cpu_second": 0.006431031,
                "calls": 1,
                "cpu_second_per_call": 0.006431031000000,
                "cpu_second_per_total": 0.887705088426375
                }
            ]
        },
        {
            "class_name": "Input",
            "sub": [
                {
                "name": "Init",
                "cpu_second": 0.001866767,
                "calls": 1,
                "cpu_second_per_call": 0.001866767000000,
                "cpu_second_per_total": 0.257678522278378
                }
            ]
        },
        {
            "class_name": "Input_Conv",
            "sub": [
                {
                "name": "Convert",
                "cpu_second": 0.0009287,
                "calls": 1,
                "cpu_second_per_call": 0.000928700000000,
                "cpu_second_per_total": 0.128192775873973
                }
            ]
        }
    ]
}
