{
    "total": 0.00618691,
    "sub": [
        {
            "class_name": "Driver",
            "sub": [
                {
                "name": "driver_line",
                "cpu_second": 0,
                "calls": 1,
                "cpu_second_per_call": 0.000000000000000,
                "cpu_second_per_total": 0.000000000000000
                },
                {
                "name": "reading",
                "cpu_second": 0.005776449,
                "calls": 1,
                "cpu_second_per_call": 0.005776449000000,
                "cpu_second_per_total": 0.933655938970543
                }
            ]
        },
        {
            "class_name": "Input",
            "sub": [
                {
                "name": "Init",
                "cpu_second": 0.00340085,
                "calls": 1,
                "cpu_second_per_call": 0.003400850000000,
                "cpu_second_per_total": 0.549684382229978
                }
            ]
        },
        {
            "class_name": "Input_Conv",
            "sub": [
                {
                "name": "Convert",
                "cpu_second": 0.000613082,
                "calls": 1,
                "cpu_second_per_call": 0.000613082000000,
                "cpu_second_per_total": 0.099093344436338
                }
            ]
        }
    ]
}
