{
    "total": 0.00384737,
    "sub": [
        {
            "class_name": "Driver",
            "sub": [
                {
                "name": "driver_line",
                "cpu_second": 0,
                "calls": 1,
                "cpu_second_per_call": 0.000000000000000,
                "cpu_second_per_total": 0.000000000000000
                },
                {
                "name": "reading",
                "cpu_second": 0.003525705,
                "calls": 1,
                "cpu_second_per_call": 0.003525705000000,
                "cpu_second_per_total": 0.916394489112811
                }
            ]
        },
        {
            "class_name": "Input",
            "sub": [
                {
                "name": "Init",
                "cpu_second": 0.002035004,
                "calls": 1,
                "cpu_second_per_call": 0.002035004000000,
                "cpu_second_per_total": 0.528934341053074
                }
            ]
        },
        {
            "class_name": "Input_Conv",
            "sub": [
                {
                "name": "Convert",
                "cpu_second": 0.000305,
                "calls": 1,
                "cpu_second_per_call": 0.000305000000000,
                "cpu_second_per_total": 0.079275015686056
                }
            ]
        }
    ]
}
