{
    "total": 0.00544391,
    "sub": [
        {
            "class_name": "Driver",
            "sub": [
                {
                "name": "driver_line",
                "cpu_second": 0,
                "calls": 1,
                "cpu_second_per_call": 0.000000000000000,
                "cpu_second_per_total": 0.000000000000000
                },
                {
                "name": "reading",
                "cpu_second": 0.005046187,
                "calls": 1,
                "cpu_second_per_call": 0.005046187000000,
                "cpu_second_per_total": 0.926942346175705
                }
            ]
        },
        {
            "class_name": "Input",
            "sub": [
                {
                "name": "Init",
                "cpu_second": 0.002870278,
                "calls": 1,
                "cpu_second_per_call": 0.002870278000000,
                "cpu_second_per_total": 0.527246061926859
                }
            ]
        },
        {
            "class_name": "Input_Conv",
            "sub": [
                {
                "name": "Convert",
                "cpu_second": 0.000527947,
                "calls": 1,
                "cpu_second_per_call": 0.000527947000000,
                "cpu_second_per_total": 0.096979448212368
                }
            ]
        }
    ]
}
