{
    "total": 0.011632,
    "sub": [
        {
            "class_name": "Driver",
            "sub": [
                {
                "name": "driver_line",
                "cpu_second": 0,
                "calls": 1,
                "cpu_second_per_call": 0.000000000000000,
                "cpu_second_per_total": 0.000000000000000
                },
                {
                "name": "reading",
                "cpu_second": 0.010811057,
                "calls": 1,
                "cpu_second_per_call": 0.010811057000000,
                "cpu_second_per_total": 0.929424304158367
                }
            ]
        },
        {
            "class_name": "Input",
            "sub": [
                {
                "name": "Init",
                "cpu_second": 0.006838344,
                "calls": 1,
                "cpu_second_per_call": 0.006838344000000,
                "cpu_second_per_total": 0.587891000278284
                }
            ]
        },
        {
            "class_name": "Input_Conv",
            "sub": [
                {
                "name": "Convert",
                "cpu_second": 0.000938179,
                "calls": 1,
                "cpu_second_per_call": 0.000938179000000,
                "cpu_second_per_total": 0.080655051976046
                }
            ]
        }
    ]
}
