{
    "total": 0.0049928,
    "sub": [
        {
            "class_name": "Driver",
            "sub": [
                {
                "name": "driver_line",
                "cpu_second": 0,
                "calls": 1,
                "cpu_second_per_call": 0.000000000000000,
                "cpu_second_per_total": 0.000000000000000
                },
                {
                "name": "reading",
                "cpu_second": 0.004640117,
                "calls": 1,
                "cpu_second_per_call": 0.004640117000000,
                "cpu_second_per_total": 0.929361308539774
                }
            ]
        },
        {
            "class_name": "Input",
            "sub": [
                {
                "name": "Init",
                "cpu_second": 0.002714922,
                "calls": 1,
                "cpu_second_per_call": 0.002714922000000,
                "cpu_second_per_total": 0.543767207271588
                }
            ]
        },
        {
            "class_name": "Input_Conv",
            "sub": [
                {
                "name": "Convert",
                "cpu_second": 0.000444919,
                "calls": 1,
                "cpu_second_per_call": 0.000444919000000,
                "cpu_second_per_total": 0.089112085758658
                }
            ]
        }
    ]
}
