{
    "total": 0.00411872,
    "sub": [
        {
            "class_name": "Driver",
            "sub": [
                {
                "name": "driver_line",
                "cpu_second": 0,
                "calls": 1,
                "cpu_second_per_call": 0.000000000000000,
                "cpu_second_per_total": 0.000000000000000
                },
                {
                "name": "reading",
                "cpu_second": 0.003696348,
                "calls": 1,
                "cpu_second_per_call": 0.003696348000000,
                "cpu_second_per_total": 0.897450010597945
                }
            ]
        },
        {
            "class_name": "Input",
            "sub": [
                {
                "name": "Init",
                "cpu_second": 0.001225067,
                "calls": 1,
                "cpu_second_per_call": 0.001225067000000,
                "cpu_second_per_total": 0.297438550735264
                }
            ]
        },
        {
            "class_name": "Input_Conv",
            "sub": [
                {
                "name": "Convert",
                "cpu_second": 0.000496599,
                "calls": 1,
                "cpu_second_per_call": 0.000496599000000,
                "cpu_second_per_total": 0.120571109054918
                }
            ]
        }
    ]
}
