{
    "total": 0.00637341,
    "sub": [
        {
            "class_name": "Driver",
            "sub": [
                {
                "name": "driver_line",
                "cpu_second": 0,
                "calls": 1,
                "cpu_second_per_call": 0.000000000000000,
                "cpu_second_per_total": 0.000000000000000
                },
                {
                "name": "reading",
                "cpu_second": 0.005817508,
                "calls": 1,
                "cpu_second_per_call": 0.005817508000000,
                "cpu_second_per_total": 0.912777788848075
                }
            ]
        },
        {
            "class_name": "Input",
            "sub": [
                {
                "name": "Init",
                "cpu_second": 0.002437503,
                "calls": 1,
                "cpu_second_per_call": 0.002437503000000,
                "cpu_second_per_total": 0.382448738987647
                }
            ]
        },
        {
            "class_name": "Input_Conv",
            "sub": [
                {
                "name": "Convert",
                "cpu_second": 0.000700997,
                "calls": 1,
                "cpu_second_per_call": 0.000700997000000,
                "cpu_second_per_total": 0.109987728706026
                }
            ]
        }
    ]
}
