{
    "total": 0.00866834,
    "sub": [
        {
            "class_name": "Driver",
            "sub": [
                {
                "name": "driver_line",
                "cpu_second": 0,
                "calls": 1,
                "cpu_second_per_call": 0.000000000000000,
                "cpu_second_per_total": 0.000000000000000
                },
                {
                "name": "reading",
                "cpu_second": 0.007994794,
                "calls": 1,
                "cpu_second_per_call": 0.007994794000000,
                "cpu_second_per_total": 0.922298049880594
                }
            ]
        },
        {
            "class_name": "Input",
            "sub": [
                {
                "name": "Init",
                "cpu_second": 0.005174604,
                "calls": 1,
                "cpu_second_per_call": 0.005174604000000,
                "cpu_second_per_total": 0.596954365316270
                }
            ]
        },
        {
            "class_name": "Input_Conv",
            "sub": [
                {
                "name": "Convert",
                "cpu_second": 0.000675036,
                "calls": 1,
                "cpu_second_per_call": 0.000675036000000,
                "cpu_second_per_total": 0.077873724626200
                }
            ]
        }
    ]
}
