{
    "total": 0.00688793,
    "sub": [
        {
            "class_name": "Driver",
            "sub": [
                {
                "name": "driver_line",
                "cpu_second": 0,
                "calls": 1,
                "cpu_second_per_call": 0.000000000000000,
                "cpu_second_per_total": 0.000000000000000
                },
                {
                "name": "reading",
                "cpu_second": 0.006503418,
                "calls": 1,
                "cpu_second_per_call": 0.006503418000000,
                "cpu_second_per_total": 0.944175697437199
                }
            ]
        },
        {
            "class_name": "Input",
            "sub": [
                {
                "name": "Init",
                "cpu_second": 0.004528889,
                "calls": 1,
                "cpu_second_per_call": 0.004528889000000,
                "cpu_second_per_total": 0.657510701325158
                }
            ]
        },
        {
            "class_name": "Input_Conv",
            "sub": [
                {
                "name": "Convert",
                "cpu_second": 0.000508715,
                "calls": 1,
                "cpu_second_per_call": 0.000508715000000,
                "cpu_second_per_total": 0.073855984640963
                }
            ]
        }
    ]
}
