{
    "total": 0.0076932,
    "sub": [
        {
            "class_name": "Driver",
            "sub": [
                {
                "name": "driver_line",
                "cpu_second": 0,
                "calls": 1,
                "cpu_second_per_call": 0.000000000000000,
                "cpu_second_per_total": 0.000000000000000
                },
                {
                "name": "reading",
                "cpu_second": 0.007293112,
                "calls": 1,
                "cpu_second_per_call": 0.007293112000000,
                "cpu_second_per_total": 0.947994222952391
                }
            ]
        },
        {
            "class_name": "Input",
            "sub": [
                {
                "name": "Init",
                "cpu_second": 0.005384488,
                "calls": 1,
                "cpu_second_per_call": 0.005384488000000,
                "cpu_second_per_total": 0.699901978408733
                }
            ]
        },
        {
            "class_name": "Input_Conv",
            "sub": [
                {
                "name": "Convert",
                "cpu_second": 0.00047722,
                "calls": 1,
                "cpu_second_per_call": 0.000477220000000,
                "cpu_second_per_total": 0.062031380167662
                }
            ]
        }
    ]
}
