{
    "total": 0.00465359,
    "sub": [
        {
            "class_name": "Driver",
            "sub": [
                {
                "name": "driver_line",
                "cpu_second": 0,
                "calls": 1,
                "cpu_second_per_call": 0.000000000000000,
                "cpu_second_per_total": 0.000000000000000
                },
                {
                "name": "reading",
                "cpu_second": 0.004209627,
                "calls": 1,
                "cpu_second_per_call": 0.004209627000000,
                "cpu_second_per_total": 0.904596768734710
                }
            ]
        },
        {
            "class_name": "Input",
            "sub": [
                {
                "name": "Init",
                "cpu_second": 0.001915549,
                "calls": 1,
                "cpu_second_per_call": 0.001915549000000,
                "cpu_second_per_total": 0.411627784540769
                }
            ]
        },
        {
            "class_name": "Input_Conv",
            "sub": [
                {
                "name": "Convert",
                "cpu_second": 0.000461509,
                "calls": 1,
                "cpu_second_per_call": 0.000461509000000,
                "cpu_second_per_total": 0.099172575181123
                }
            ]
        }
    ]
}
