{
    "total": 0.00786611,
    "sub": [
        {
            "class_name": "Driver",
            "sub": [
                {
                "name": "driver_line",
                "cpu_second": 0,
                "calls": 1,
                "cpu_second_per_call": 0.000000000000000,
                "cpu_second_per_total": 0.000000000000000
                },
                {
                "name": "reading",
                "cpu_second": 0.007029273,
                "calls": 1,
                "cpu_second_per_call": 0.007029273000000,
                "cpu_second_per_total": 0.893615227964735
                }
            ]
        },
        {
            "class_name": "Input",
            "sub": [
                {
                "name": "Init",
                "cpu_second": 0.002477746,
                "calls": 1,
                "cpu_second_per_call": 0.002477746000000,
                "cpu_second_per_total": 0.314990121542969
                }
            ]
        },
        {
            "class_name": "Input_Conv",
            "sub": [
                {
                "name": "Convert",
                "cpu_second": 0.000936928,
                "calls": 1,
                "cpu_second_per_call": 0.000936928000000,
                "cpu_second_per_total": 0.119109490882847
                }
            ]
        }
    ]
}
