{
    "total": 0.00820349,
    "sub": [
        {
            "class_name": "Driver",
            "sub": [
                {
                "name": "driver_line",
                "cpu_second": 0,
                "calls": 1,
                "cpu_second_per_call": 0.000000000000000,
                "cpu_second_per_total": 0.000000000000000
                },
                {
                "name": "reading",
                "cpu_second": 0.007376712,
                "calls": 1,
                "cpu_second_per_call": 0.007376712000000,
                "cpu_second_per_total": 0.899216418770111
                }
            ]
        },
        {
            "class_name": "Input",
            "sub": [
                {
                "name": "Init",
                "cpu_second": 0.002748258,
                "calls": 1,
                "cpu_second_per_call": 0.002748258000000,
                "cpu_second_per_total": 0.335010871593782
                }
            ]
        },
        {
            "class_name": "Input_Conv",
            "sub": [
                {
                "name": "Convert",
                "cpu_second": 0.000901909,
                "calls": 1,
                "cpu_second_per_call": 0.000901909000000,
                "cpu_second_per_total": 0.109942123406273
                }
            ]
        }
    ]
}
