{
    "total": 0.00993517,
    "sub": [
        {
            "class_name": "Driver",
            "sub": [
                {
                "name": "driver_line",
                "cpu_second": 0,
                "calls": 1,
                "cpu_second_per_call": 0.000000000000000,
                "cpu_second_per_total": 0.000000000000000
                },
                {
                "name": "reading",
                "cpu_second": 0.009120456,
                "calls": 1,
                "cpu_second_per_call": 0.009120456000000,
                "cpu_second_per_total": 0.917996604790213
                }
            ]
        },
        {
            "class_name": "Input",
            "sub": [
                {
                "name": "Init",
                "cpu_second": 0.005354979,
                "calls": 1,
                "cpu_second_per_call": 0.005354979000000,
                "cpu_second_per_total": 0.538991969340446
                }
            ]
        },
        {
            "class_name": "Input_Conv",
            "sub": [
                {
                "name": "Convert",
                "cpu_second": 0.000903546000000001,
                "calls": 1,
                "cpu_second_per_call": 0.000903546000000,
                "cpu_second_per_total": 0.090944154576457
                }
            ]
        }
    ]
}
