{
    "total": 0.00587044,
    "sub": [
        {
            "class_name": "Driver",
            "sub": [
                {
                "name": "driver_line",
                "cpu_second": 0,
                "calls": 1,
                "cpu_second_per_call": 0.000000000000000,
                "cpu_second_per_total": 0.000000000000000
                },
                {
                "name": "reading",
                "cpu_second": 0.005497447,
                "calls": 1,
                "cpu_second_per_call": 0.005497447000000,
                "cpu_second_per_total": 0.936462035318289
                }
            ]
        },
        {
            "class_name": "Input",
            "sub": [
                {
                "name": "Init",
                "cpu_second": 0.003726834,
                "calls": 1,
                "cpu_second_per_call": 0.003726834000000,
                "cpu_second_per_total": 0.634847148673448
                }
            ]
        },
        {
            "class_name": "Input_Conv",
            "sub": [
                {
                "name": "Convert",
                "cpu_second": 0.000381498,
                "calls": 1,
                "cpu_second_per_call": 0.000381498000000,
                "cpu_second_per_total": 0.064986236984159
                }
            ]
        }
    ]
}
