{
    "total": 0.0235858,
    "sub": [
        {
            "class_name": "Driver",
            "sub": [
                {
                "name": "driver_line",
                "cpu_second": 0,
                "calls": 1,
                "cpu_second_per_call": 0.000000000000000,
                "cpu_second_per_total": 0.000000000000000
                },
                {
                "name": "reading",
                "cpu_second": 0.021850871,
                "calls": 1,
                "cpu_second_per_call": 0.021850871000000,
                "cpu_second_per_total": 0.926440621339169
                }
            ]
        },
        {
            "class_name": "Input",
            "sub": [
                {
                "name": "Init",
                "cpu_second": 0.013506367,
                "calls": 1,
                "cpu_second_per_call": 0.013506367000000,
                "cpu_second_per_total": 0.572647517598490
                }
            ]
        },
        {
            "class_name": "Input_Conv",
            "sub": [
                {
                "name": "Convert",
                "cpu_second": 0.001796323,
                "calls": 1,
                "cpu_second_per_call": 0.001796323000000,
                "cpu_second_per_total": 0.076161110293765
                }
            ]
        }
    ]
}
