{
    "total": 0.0787984,
    "sub": [
        {
            "class_name": "Driver",
            "sub": [
                {
                "name": "driver_line",
                "cpu_second": 0,
                "calls": 1,
                "cpu_second_per_call": 0.000000000000000,
                "cpu_second_per_total": 0.000000000000000
                },
                {
                "name": "reading",
                "cpu_second": 0.07665869,
                "calls": 1,
                "cpu_second_per_call": 0.076658690000000,
                "cpu_second_per_total": 0.972845867210082
                }
            ]
        },
        {
            "class_name": "Input",
            "sub": [
                {
                "name": "Init",
                "cpu_second": 0.059734149,
                "calls": 1,
                "cpu_second_per_call": 0.059734149000000,
                "cpu_second_per_total": 0.758063045245898
                }
            ]
        },
        {
            "class_name": "Input_Conv",
            "sub": [
                {
                "name": "Convert",
                "cpu_second": 0.001226694,
                "calls": 1,
                "cpu_second_per_call": 0.001226694000000,
                "cpu_second_per_total": 0.015567500412953
                }
            ]
        }
    ]
}
