{
    "total": 0.0104839,
    "sub": [
        {
            "class_name": "Driver",
            "sub": [
                {
                "name": "driver_line",
                "cpu_second": 0,
                "calls": 1,
                "cpu_second_per_call": 0.000000000000000,
                "cpu_second_per_total": 0.000000000000000
                },
                {
                "name": "reading",
                "cpu_second": 0.009388868,
                "calls": 1,
                "cpu_second_per_call": 0.009388868000000,
                "cpu_second_per_total": 0.895553816587542
                }
            ]
        },
        {
            "class_name": "Input",
            "sub": [
                {
                "name": "Init",
                "cpu_second": 0.005702841,
                "calls": 1,
                "cpu_second_per_call": 0.005702841000000,
                "cpu_second_per_total": 0.543963449368115
                }
            ]
        },
        {
            "class_name": "Input_Conv",
            "sub": [
                {
                "name": "Convert",
                "cpu_second": 0.000843743,
                "calls": 1,
                "cpu_second_per_call": 0.000843743000000,
                "cpu_second_per_total": 0.080480124320528
                }
            ]
        }
    ]
}
