{
    "total": 0.010698,
    "sub": [
        {
            "class_name": "Driver",
            "sub": [
                {
                "name": "driver_line",
                "cpu_second": 0,
                "calls": 1,
                "cpu_second_per_call": 0.000000000000000,
                "cpu_second_per_total": 0.000000000000000
                },
                {
                "name": "reading",
                "cpu_second": 0.009839481,
                "calls": 1,
                "cpu_second_per_call": 0.009839481000000,
                "cpu_second_per_total": 0.919752244561561
                }
            ]
        },
        {
            "class_name": "Input",
            "sub": [
                {
                "name": "Init",
                "cpu_second": 0.005049855,
                "calls": 1,
                "cpu_second_per_call": 0.005049855000000,
                "cpu_second_per_total": 0.472038664535296
                }
            ]
        },
        {
            "class_name": "Input_Conv",
            "sub": [
                {
                "name": "Convert",
                "cpu_second": 0.000949667,
                "calls": 1,
                "cpu_second_per_call": 0.000949667000000,
                "cpu_second_per_total": 0.088770775088243
                }
            ]
        }
    ]
}
