{
    "total": 0.00427048,
    "sub": [
        {
            "class_name": "Driver",
            "sub": [
                {
                "name": "driver_line",
                "cpu_second": 0,
                "calls": 1,
                "cpu_second_per_call": 0.000000000000000,
                "cpu_second_per_total": 0.000000000000000
                },
                {
                "name": "reading",
                "cpu_second": 0.003837543,
                "calls": 1,
                "cpu_second_per_call": 0.003837543000000,
                "cpu_second_per_total": 0.898622050240313
                }
            ]
        },
        {
            "class_name": "Input",
            "sub": [
                {
                "name": "Init",
                "cpu_second": 0.001328566,
                "calls": 1,
                "cpu_second_per_call": 0.001328566000000,
                "cpu_second_per_total": 0.311104970758522
                }
            ]
        },
        {
            "class_name": "Input_Conv",
            "sub": [
                {
                "name": "Convert",
                "cpu_second": 0.000501579,
                "calls": 1,
                "cpu_second_per_call": 0.000501579000000,
                "cpu_second_per_total": 0.117452742376434
                }
            ]
        }
    ]
}
