{
    "total": 0.0095527,
    "sub": [
        {
            "class_name": "Driver",
            "sub": [
                {
                "name": "driver_line",
                "cpu_second": 0,
                "calls": 1,
                "cpu_second_per_call": 0.000000000000000,
                "cpu_second_per_total": 0.000000000000000
                },
                {
                "name": "reading",
                "cpu_second": 0.008946762,
                "calls": 1,
                "cpu_second_per_call": 0.008946762000000,
                "cpu_second_per_total": 0.936568830114122
                }
            ]
        },
        {
            "class_name": "Input",
            "sub": [
                {
                "name": "Init",
                "cpu_second": 0.006561031,
                "calls": 1,
                "cpu_second_per_call": 0.006561031000000,
                "cpu_second_per_total": 0.686824700155485
                }
            ]
        },
        {
            "class_name": "Input_Conv",
            "sub": [
                {
                "name": "Convert",
                "cpu_second": 0.000573996,
                "calls": 1,
                "cpu_second_per_call": 0.000573996000000,
                "cpu_second_per_total": 0.060087298869712
                }
            ]
        }
    ]
}
