{
    "total": 0.0202455,
    "sub": [
        {
            "class_name": "Driver",
            "sub": [
                {
                "name": "driver_line",
                "cpu_second": 0,
                "calls": 1,
                "cpu_second_per_call": 0.000000000000000,
                "cpu_second_per_total": 0.000000000000000
                },
                {
                "name": "reading",
                "cpu_second": 0.019586195,
                "calls": 1,
                "cpu_second_per_call": 0.019586195000000,
                "cpu_second_per_total": 0.967436594167106
                }
            ]
        },
        {
            "class_name": "Input",
            "sub": [
                {
                "name": "Init",
                "cpu_second": 0.017330457,
                "calls": 1,
                "cpu_second_per_call": 0.017330457000000,
                "cpu_second_per_total": 0.856017123052205
                }
            ]
        },
        {
            "class_name": "Input_Conv",
            "sub": [
                {
                "name": "Convert",
                "cpu_second": 0.000519003000000001,
                "calls": 1,
                "cpu_second_per_call": 0.000519003000000,
                "cpu_second_per_total": 0.025635530264174
                }
            ]
        }
    ]
}
