{
    "total": 0.0106032,
    "sub": [
        {
            "class_name": "Driver",
            "sub": [
                {
                "name": "driver_line",
                "cpu_second": 0,
                "calls": 1,
                "cpu_second_per_call": 0.000000000000000,
                "cpu_second_per_total": 0.000000000000000
                },
                {
                "name": "reading",
                "cpu_second": 0.00974157,
                "calls": 1,
                "cpu_second_per_call": 0.009741570000000,
                "cpu_second_per_total": 0.918737209660049
                }
            ]
        },
        {
            "class_name": "Input",
            "sub": [
                {
                "name": "Init",
                "cpu_second": 0.005316614,
                "calls": 1,
                "cpu_second_per_call": 0.005316614000000,
                "cpu_second_per_total": 0.501415183712641
                }
            ]
        },
        {
            "class_name": "Input_Conv",
            "sub": [
                {
                "name": "Convert",
                "cpu_second": 0.000880191,
                "calls": 1,
                "cpu_second_per_call": 0.000880191000000,
                "cpu_second_per_total": 0.083011693526597
                }
            ]
        }
    ]
}
