{
    "total": 0.00685383,
    "sub": [
        {
            "class_name": "Driver",
            "sub": [
                {
                "name": "driver_line",
                "cpu_second": 0,
                "calls": 1,
                "cpu_second_per_call": 0.000000000000000,
                "cpu_second_per_total": 0.000000000000000
                },
                {
                "name": "reading",
                "cpu_second": 0.006593732,
                "calls": 1,
                "cpu_second_per_call": 0.006593732000000,
                "cpu_second_per_total": 0.962051128515500
                }
            ]
        },
        {
            "class_name": "Input",
            "sub": [
                {
                "name": "Init",
                "cpu_second": 0.005212437,
                "calls": 1,
                "cpu_second_per_call": 0.005212437000000,
                "cpu_second_per_total": 0.760514818947137
                }
            ]
        },
        {
            "class_name": "Input_Conv",
            "sub": [
                {
                "name": "Convert",
                "cpu_second": 0.000382926,
                "calls": 1,
                "cpu_second_per_call": 0.000382926000000,
                "cpu_second_per_total": 0.055870391826348
                }
            ]
        }
    ]
}
