{
    "total": 0.00702564,
    "sub": [
        {
            "class_name": "Driver",
            "sub": [
                {
                "name": "driver_line",
                "cpu_second": 0,
                "calls": 1,
                "cpu_second_per_call": 0.000000000000000,
                "cpu_second_per_total": 0.000000000000000
                },
                {
                "name": "reading",
                "cpu_second": 0.006216376,
                "calls": 1,
                "cpu_second_per_call": 0.006216376000000,
                "cpu_second_per_total": 0.884812771505514
                }
            ]
        },
        {
            "class_name": "Input",
            "sub": [
                {
                "name": "Init",
                "cpu_second": 0.001695778,
                "calls": 1,
                "cpu_second_per_call": 0.001695778000000,
                "cpu_second_per_total": 0.241369896550350
                }
            ]
        },
        {
            "class_name": "Input_Conv",
            "sub": [
                {
                "name": "Convert",
                "cpu_second": 0.000921597,
                "calls": 1,
                "cpu_second_per_call": 0.000921597000000,
                "cpu_second_per_total": 0.131176234478282
                }
            ]
        }
    ]
}
