{
    "total": 0.00555213,
    "sub": [
        {
            "class_name": "Driver",
            "sub": [
                {
                "name": "driver_line",
                "cpu_second": 0,
                "calls": 1,
                "cpu_second_per_call": 0.000000000000000,
                "cpu_second_per_total": 0.000000000000000
                },
                {
                "name": "reading",
                "cpu_second": 0.005149507,
                "calls": 1,
                "cpu_second_per_call": 0.005149507000000,
                "cpu_second_per_total": 0.927483480207949
                }
            ]
        },
        {
            "class_name": "Input",
            "sub": [
                {
                "name": "Init",
                "cpu_second": 0.00309383,
                "calls": 1,
                "cpu_second_per_call": 0.003093830000000,
                "cpu_second_per_total": 0.557233190589266
                }
            ]
        },
        {
            "class_name": "Input_Conv",
            "sub": [
                {
                "name": "Convert",
                "cpu_second": 0.000509633,
                "calls": 1,
                "cpu_second_per_call": 0.000509633000000,
                "cpu_second_per_total": 0.091790571110753
                }
            ]
        }
    ]
}
