{
    "total": 0.00511539,
    "sub": [
        {
            "class_name": "Driver",
            "sub": [
                {
                "name": "driver_line",
                "cpu_second": 0,
                "calls": 1,
                "cpu_second_per_call": 0.000000000000000,
                "cpu_second_per_total": 0.000000000000000
                },
                {
                "name": "reading",
                "cpu_second": 0.00460111,
                "calls": 1,
                "cpu_second_per_call": 0.004601110000000,
                "cpu_second_per_total": 0.899463814307877
                }
            ]
        },
        {
            "class_name": "Input",
            "sub": [
                {
                "name": "Init",
                "cpu_second": 0.00245621,
                "calls": 1,
                "cpu_second_per_call": 0.002456210000000,
                "cpu_second_per_total": 0.480160660219197
                }
            ]
        },
        {
            "class_name": "Input_Conv",
            "sub": [
                {
                "name": "Convert",
                "cpu_second": 0.000535162,
                "calls": 1,
                "cpu_second_per_call": 0.000535162000000,
                "cpu_second_per_total": 0.104617984310880
                }
            ]
        }
    ]
}
