{
    "total": 0.00615488,
    "sub": [
        {
            "class_name": "Driver",
            "sub": [
                {
                "name": "driver_line",
                "cpu_second": 0,
                "calls": 1,
                "cpu_second_per_call": 0.000000000000000,
                "cpu_second_per_total": 0.000000000000000
                },
                {
                "name": "reading",
                "cpu_second": 0.005693049,
                "calls": 1,
                "cpu_second_per_call": 0.005693049000000,
                "cpu_second_per_total": 0.924965368931764
                }
            ]
        },
        {
            "class_name": "Input",
            "sub": [
                {
                "name": "Init",
                "cpu_second": 0.003826443,
                "calls": 1,
                "cpu_second_per_call": 0.003826443000000,
                "cpu_second_per_total": 0.621692745168954
                }
            ]
        },
        {
            "class_name": "Input_Conv",
            "sub": [
                {
                "name": "Convert",
                "cpu_second": 0.000442336,
                "calls": 1,
                "cpu_second_per_call": 0.000442336000000,
                "cpu_second_per_total": 0.071867549608619
                }
            ]
        }
    ]
}
