{
    "total": 0.00443516,
    "sub": [
        {
            "class_name": "Driver",
            "sub": [
                {
                "name": "driver_line",
                "cpu_second": 0,
                "calls": 1,
                "cpu_second_per_call": 0.000000000000000,
                "cpu_second_per_total": 0.000000000000000
                },
                {
                "name": "reading",
                "cpu_second": 0.003909677,
                "calls": 1,
                "cpu_second_per_call": 0.003909677000000,
                "cpu_second_per_total": 0.881519612838872
                }
            ]
        },
        {
            "class_name": "Input",
            "sub": [
                {
                "name": "Init",
                "cpu_second": 0.001685716,
                "calls": 1,
                "cpu_second_per_call": 0.001685716000000,
                "cpu_second_per_total": 0.380080430090847
                }
            ]
        },
        {
            "class_name": "Input_Conv",
            "sub": [
                {
                "name": "Convert",
                "cpu_second": 0.000444536,
                "calls": 1,
                "cpu_second_per_call": 0.000444536000000,
                "cpu_second_per_total": 0.100230070825017
                }
            ]
        }
    ]
}
