{
    "total": 0.0080322,
    "sub": [
        {
            "class_name": "Driver",
            "sub": [
                {
                "name": "driver_line",
                "cpu_second": 0,
                "calls": 1,
                "cpu_second_per_call": 0.000000000000000,
                "cpu_second_per_total": 0.000000000000000
                },
                {
                "name": "reading",
                "cpu_second": 0.00719365,
                "calls": 1,
                "cpu_second_per_call": 0.007193650000000,
                "cpu_second_per_total": 0.895601454147058
                }
            ]
        },
        {
            "class_name": "Input",
            "sub": [
                {
                "name": "Init",
                "cpu_second": 0.002484382,
                "calls": 1,
                "cpu_second_per_call": 0.002484382000000,
                "cpu_second_per_total": 0.309302806205025
                }
            ]
        },
        {
            "class_name": "Input_Conv",
            "sub": [
                {
                "name": "Convert",
                "cpu_second": 0.000946439,
                "calls": 1,
                "cpu_second_per_call": 0.000946439000000,
                "cpu_second_per_total": 0.117830606807599
                }
            ]
        }
    ]
}
