{
    "total": 0.0130918,
    "sub": [
        {
            "class_name": "Driver",
            "sub": [
                {
                "name": "driver_line",
                "cpu_second": 0,
                "calls": 1,
                "cpu_second_per_call": 0.000000000000000,
                "cpu_second_per_total": 0.000000000000000
                },
                {
                "name": "reading",
                "cpu_second": 0.012641426,
                "calls": 1,
                "cpu_second_per_call": 0.012641426000000,
                "cpu_second_per_total": 0.965596780342423
                }
            ]
        },
        {
            "class_name": "Input",
            "sub": [
                {
                "name": "Init",
                "cpu_second": 0.010662385,
                "calls": 1,
                "cpu_second_per_call": 0.010662385000000,
                "cpu_second_per_total": 0.814430636762921
                }
            ]
        },
        {
            "class_name": "Input_Conv",
            "sub": [
                {
                "name": "Convert",
                "cpu_second": 0.000517956,
                "calls": 1,
                "cpu_second_per_call": 0.000517956000000,
                "cpu_second_per_total": 0.039563309231019
                }
            ]
        }
    ]
}
