{
    "total": 0.00747314,
    "sub": [
        {
            "class_name": "Driver",
            "sub": [
                {
                "name": "driver_line",
                "cpu_second": 0,
                "calls": 1,
                "cpu_second_per_call": 0.000000000000000,
                "cpu_second_per_total": 0.000000000000000
                },
                {
                "name": "reading",
                "cpu_second": 0.006563327,
                "calls": 1,
                "cpu_second_per_call": 0.006563327000000,
                "cpu_second_per_total": 0.878255827739298
                }
            ]
        },
        {
            "class_name": "Input",
            "sub": [
                {
                "name": "Init",
                "cpu_second": 0.001844682,
                "calls": 1,
                "cpu_second_per_call": 0.001844682000000,
                "cpu_second_per_total": 0.246841688190423
                }
            ]
        },
        {
            "class_name": "Input_Conv",
            "sub": [
                {
                "name": "Convert",
                "cpu_second": 0.000935929,
                "calls": 1,
                "cpu_second_per_call": 0.000935929000000,
                "cpu_second_per_total": 0.125239089656848
                }
            ]
        }
    ]
}
