{
    "total": 0.0040121,
    "sub": [
        {
            "class_name": "Driver",
            "sub": [
                {
                "name": "driver_line",
                "cpu_second": 0,
                "calls": 1,
                "cpu_second_per_call": 0.000000000000000,
                "cpu_second_per_total": 0.000000000000000
                },
                {
                "name": "reading",
                "cpu_second": 0.003499526,
                "calls": 1,
                "cpu_second_per_call": 0.003499526000000,
                "cpu_second_per_total": 0.872243399837192
                }
            ]
        },
        {
            "class_name": "Input",
            "sub": [
                {
                "name": "Init",
                "cpu_second": 0.001213866,
                "calls": 1,
                "cpu_second_per_call": 0.001213866000000,
                "cpu_second_per_total": 0.302551433190316
                }
            ]
        },
        {
            "class_name": "Input_Conv",
            "sub": [
                {
                "name": "Convert",
                "cpu_second": 0.000476389,
                "calls": 1,
                "cpu_second_per_call": 0.000476389000000,
                "cpu_second_per_total": 0.118738126536291
                }
            ]
        }
    ]
}
