{
    "total": 0.00459089,
    "sub": [
        {
            "class_name": "Driver",
            "sub": [
                {
                "name": "driver_line",
                "cpu_second": 0,
                "calls": 1,
                "cpu_second_per_call": 0.000000000000000,
                "cpu_second_per_total": 0.000000000000000
                },
                {
                "name": "reading",
                "cpu_second": 0.004244069,
                "calls": 1,
                "cpu_second_per_call": 0.004244069000000,
                "cpu_second_per_total": 0.924455121635536
                }
            ]
        },
        {
            "class_name": "Input",
            "sub": [
                {
                "name": "Init",
                "cpu_second": 0.002461235,
                "calls": 1,
                "cpu_second_per_call": 0.002461235000000,
                "cpu_second_per_total": 0.536113173772301
                }
            ]
        },
        {
            "class_name": "Input_Conv",
            "sub": [
                {
                "name": "Convert",
                "cpu_second": 0.000411278,
                "calls": 1,
                "cpu_second_per_call": 0.000411278000000,
                "cpu_second_per_total": 0.089585738006621
                }
            ]
        }
    ]
}
