{
    "total": 0.00696248,
    "sub": [
        {
            "class_name": "Driver",
            "sub": [
                {
                "name": "driver_line",
                "cpu_second": 0,
                "calls": 1,
                "cpu_second_per_call": 0.000000000000000,
                "cpu_second_per_total": 0.000000000000000
                },
                {
                "name": "reading",
                "cpu_second": 0.006450974,
                "calls": 1,
                "cpu_second_per_call": 0.006450974000000,
                "cpu_second_per_total": 0.926534069258952
                }
            ]
        },
        {
            "class_name": "Input",
            "sub": [
                {
                "name": "Init",
                "cpu_second": 0.002847079,
                "calls": 1,
                "cpu_second_per_call": 0.002847079000000,
                "cpu_second_per_total": 0.408917427255436
                }
            ]
        },
        {
            "class_name": "Input_Conv",
            "sub": [
                {
                "name": "Convert",
                "cpu_second": 0.000848071,
                "calls": 1,
                "cpu_second_per_call": 0.000848071000000,
                "cpu_second_per_total": 0.121805897008810
                }
            ]
        }
    ]
}
