{
    "total": 0.0107386,
    "sub": [
        {
            "class_name": "Driver",
            "sub": [
                {
                "name": "driver_line",
                "cpu_second": 0,
                "calls": 1,
                "cpu_second_per_call": 0.000000000000000,
                "cpu_second_per_total": 0.000000000000000
                },
                {
                "name": "reading",
                "cpu_second": 0.009937134,
                "calls": 1,
                "cpu_second_per_call": 0.009937134000000,
                "cpu_second_per_total": 0.925369926469609
                }
            ]
        },
        {
            "class_name": "Input",
            "sub": [
                {
                "name": "Init",
                "cpu_second": 0.005774687,
                "calls": 1,
                "cpu_second_per_call": 0.005774687000000,
                "cpu_second_per_total": 0.537752805242941
                }
            ]
        },
        {
            "class_name": "Input_Conv",
            "sub": [
                {
                "name": "Convert",
                "cpu_second": 0.000998336,
                "calls": 1,
                "cpu_second_per_call": 0.000998336000000,
                "cpu_second_per_total": 0.092967460327290
                }
            ]
        }
    ]
}
