{
    "total": 0.00571934,
    "sub": [
        {
            "class_name": "Driver",
            "sub": [
                {
                "name": "driver_line",
                "cpu_second": 0,
                "calls": 1,
                "cpu_second_per_call": 0.000000000000000,
                "cpu_second_per_total": 0.000000000000000
                },
                {
                "name": "reading",
                "cpu_second": 0.005287094,
                "calls": 1,
                "cpu_second_per_call": 0.005287094000000,
                "cpu_second_per_total": 0.924423150627065
                }
            ]
        },
        {
            "class_name": "Input",
            "sub": [
                {
                "name": "Init",
                "cpu_second": 0.002976866,
                "calls": 1,
                "cpu_second_per_call": 0.002976866000000,
                "cpu_second_per_total": 0.520490811533630
                }
            ]
        },
        {
            "class_name": "Input_Conv",
            "sub": [
                {
                "name": "Convert",
                "cpu_second": 0.000571226,
                "calls": 1,
                "cpu_second_per_call": 0.000571226000000,
                "cpu_second_per_total": 0.099876139641190
                }
            ]
        }
    ]
}
