{
    "total": 0.0104215,
    "sub": [
        {
            "class_name": "Driver",
            "sub": [
                {
                "name": "driver_line",
                "cpu_second": 0,
                "calls": 1,
                "cpu_second_per_call": 0.000000000000000,
                "cpu_second_per_total": 0.000000000000000
                },
                {
                "name": "reading",
                "cpu_second": 0.009652979,
                "calls": 1,
                "cpu_second_per_call": 0.009652979000000,
                "cpu_second_per_total": 0.926254690176104
                }
            ]
        },
        {
            "class_name": "Input",
            "sub": [
                {
                "name": "Init",
                "cpu_second": 0.005486808,
                "calls": 1,
                "cpu_second_per_call": 0.005486808000000,
                "cpu_second_per_total": 0.526488418144882
                }
            ]
        },
        {
            "class_name": "Input_Conv",
            "sub": [
                {
                "name": "Convert",
                "cpu_second": 0.000982797,
                "calls": 1,
                "cpu_second_per_call": 0.000982797000000,
                "cpu_second_per_total": 0.094304600760139
                }
            ]
        }
    ]
}
