{
    "total": 0.00538416,
    "sub": [
        {
            "class_name": "Driver",
            "sub": [
                {
                "name": "driver_line",
                "cpu_second": 0,
                "calls": 1,
                "cpu_second_per_call": 0.000000000000000,
                "cpu_second_per_total": 0.000000000000000
                },
                {
                "name": "reading",
                "cpu_second": 0.005009728,
                "calls": 1,
                "cpu_second_per_call": 0.005009728000000,
                "cpu_second_per_total": 0.930456574385498
                }
            ]
        },
        {
            "class_name": "Input",
            "sub": [
                {
                "name": "Init",
                "cpu_second": 0.003091544,
                "calls": 1,
                "cpu_second_per_call": 0.003091544000000,
                "cpu_second_per_total": 0.574192339344979
                }
            ]
        },
        {
            "class_name": "Input_Conv",
            "sub": [
                {
                "name": "Convert",
                "cpu_second": 0.000480874,
                "calls": 1,
                "cpu_second_per_call": 0.000480874000000,
                "cpu_second_per_total": 0.089312708145243
                }
            ]
        }
    ]
}
