{
    "total": 0.00461874,
    "sub": [
        {
            "class_name": "Driver",
            "sub": [
                {
                "name": "driver_line",
                "cpu_second": 0,
                "calls": 1,
                "cpu_second_per_call": 0.000000000000000,
                "cpu_second_per_total": 0.000000000000000
                },
                {
                "name": "reading",
                "cpu_second": 0.004172692,
                "calls": 1,
                "cpu_second_per_call": 0.004172692000000,
                "cpu_second_per_total": 0.903426280018732
                }
            ]
        },
        {
            "class_name": "Input",
            "sub": [
                {
                "name": "Init",
                "cpu_second": 0.00283135,
                "calls": 1,
                "cpu_second_per_call": 0.002831350000000,
                "cpu_second_per_total": 0.613013373124841
                }
            ]
        },
        {
            "class_name": "Input_Conv",
            "sub": [
                {
                "name": "Convert",
                "cpu_second": 0.000258399,
                "calls": 1,
                "cpu_second_per_call": 0.000258399000000,
                "cpu_second_per_total": 0.055945765307039
                }
            ]
        }
    ]
}
