{
    "total": 0.0106911,
    "sub": [
        {
            "class_name": "Driver",
            "sub": [
                {
                "name": "driver_line",
                "cpu_second": 0,
                "calls": 1,
                "cpu_second_per_call": 0.000000000000000,
                "cpu_second_per_total": 0.000000000000000
                },
                {
                "name": "reading",
                "cpu_second": 0.00988780999999998,
                "calls": 1,
                "cpu_second_per_call": 0.009887810000000,
                "cpu_second_per_total": 0.924860989917719
                }
            ]
        },
        {
            "class_name": "Input",
            "sub": [
                {
                "name": "Init",
                "cpu_second": 0.00596789500000003,
                "calls": 1,
                "cpu_second_per_call": 0.005967895000000,
                "cpu_second_per_total": 0.558209884435992
                }
            ]
        },
        {
            "class_name": "Input_Conv",
            "sub": [
                {
                "name": "Convert",
                "cpu_second": 0.000966233999999955,
                "calls": 1,
                "cpu_second_per_call": 0.000966234000000,
                "cpu_second_per_total": 0.090377154671471
                }
            ]
        }
    ]
}
