{
    "total": 0.00678762,
    "sub": [
        {
            "class_name": "Driver",
            "sub": [
                {
                "name": "driver_line",
                "cpu_second": 0,
                "calls": 1,
                "cpu_second_per_call": 0.000000000000000,
                "cpu_second_per_total": 0.000000000000000
                },
                {
                "name": "reading",
                "cpu_second": 0.006271315,
                "calls": 1,
                "cpu_second_per_call": 0.006271315000000,
                "cpu_second_per_total": 0.923934718178707
                }
            ]
        },
        {
            "class_name": "Input",
            "sub": [
                {
                "name": "Init",
                "cpu_second": 0.004234572,
                "calls": 1,
                "cpu_second_per_call": 0.004234572000000,
                "cpu_second_per_total": 0.623867257094795
                }
            ]
        },
        {
            "class_name": "Input_Conv",
            "sub": [
                {
                "name": "Convert",
                "cpu_second": 0.00043969,
                "calls": 1,
                "cpu_second_per_call": 0.000439690000000,
                "cpu_second_per_total": 0.064778257229305
                }
            ]
        }
    ]
}
