{
    "total": 0.00438913,
    "sub": [
        {
            "class_name": "Driver",
            "sub": [
                {
                "name": "driver_line",
                "cpu_second": 0,
                "calls": 1,
                "cpu_second_per_call": 0.000000000000000,
                "cpu_second_per_total": 0.000000000000000
                },
                {
                "name": "reading",
                "cpu_second": 0.003828023,
                "calls": 1,
                "cpu_second_per_call": 0.003828023000000,
                "cpu_second_per_total": 0.872159659850663
                }
            ]
        },
        {
            "class_name": "Input",
            "sub": [
                {
                "name": "Init",
                "cpu_second": 0.001394128,
                "calls": 1,
                "cpu_second_per_call": 0.001394128000000,
                "cpu_second_per_total": 0.317631895698716
                }
            ]
        },
        {
            "class_name": "Input_Conv",
            "sub": [
                {
                "name": "Convert",
                "cpu_second": 0.000521767,
                "calls": 1,
                "cpu_second_per_call": 0.000521767000000,
                "cpu_second_per_total": 0.118877062452681
                }
            ]
        }
    ]
}
