{
    "total": 0.00519444,
    "sub": [
        {
            "class_name": "Driver",
            "sub": [
                {
                "name": "driver_line",
                "cpu_second": 0,
                "calls": 1,
                "cpu_second_per_call": 0.000000000000000,
                "cpu_second_per_total": 0.000000000000000
                },
                {
                "name": "reading",
                "cpu_second": 0.004699531,
                "calls": 1,
                "cpu_second_per_call": 0.004699531000000,
                "cpu_second_per_total": 0.904722797035216
                }
            ]
        },
        {
            "class_name": "Input",
            "sub": [
                {
                "name": "Init",
                "cpu_second": 0.002413287,
                "calls": 1,
                "cpu_second_per_call": 0.002413287000000,
                "cpu_second_per_total": 0.464590139886028
                }
            ]
        },
        {
            "class_name": "Input_Conv",
            "sub": [
                {
                "name": "Convert",
                "cpu_second": 0.000486972,
                "calls": 1,
                "cpu_second_per_call": 0.000486972000000,
                "cpu_second_per_total": 0.093748646389998
                }
            ]
        }
    ]
}
