{
    "total": 0.0102113,
    "sub": [
        {
            "class_name": "Driver",
            "sub": [
                {
                "name": "driver_line",
                "cpu_second": 0,
                "calls": 1,
                "cpu_second_per_call": 0.000000000000000,
                "cpu_second_per_total": 0.000000000000000
                },
                {
                "name": "reading",
                "cpu_second": 0.009404366,
                "calls": 1,
                "cpu_second_per_call": 0.009404366000000,
                "cpu_second_per_total": 0.920975106631722
                }
            ]
        },
        {
            "class_name": "Input",
            "sub": [
                {
                "name": "Init",
                "cpu_second": 0.005446582,
                "calls": 1,
                "cpu_second_per_call": 0.005446582000000,
                "cpu_second_per_total": 0.533386986238989
                }
            ]
        },
        {
            "class_name": "Input_Conv",
            "sub": [
                {
                "name": "Convert",
                "cpu_second": 0.000961278,
                "calls": 1,
                "cpu_second_per_call": 0.000961278000000,
                "cpu_second_per_total": 0.094138521252015
                }
            ]
        }
    ]
}
