{
    "total": 0.00272869,
    "sub": [
        {
            "class_name": "Driver",
            "sub": [
                {
                "name": "driver_line",
                "cpu_second": 0,
                "calls": 1,
                "cpu_second_per_call": 0.000000000000000,
                "cpu_second_per_total": 0.000000000000000
                },
                {
                "name": "reading",
                "cpu_second": 0.002469577,
                "calls": 1,
                "cpu_second_per_call": 0.002469577000000,
                "cpu_second_per_total": 0.905041246898695
                }
            ]
        },
        {
            "class_name": "Input",
            "sub": [
                {
                "name": "Init",
                "cpu_second": 0.0011135,
                "calls": 1,
                "cpu_second_per_call": 0.001113500000000,
                "cpu_second_per_total": 0.408071272295497
                }
            ]
        },
        {
            "class_name": "Input_Conv",
            "sub": [
                {
                "name": "Convert",
                "cpu_second": 0.000269689,
                "calls": 1,
                "cpu_second_per_call": 0.000269689000000,
                "cpu_second_per_total": 0.098834605616615
                }
            ]
        }
    ]
}
