{
    "total": 0.00407175,
    "sub": [
        {
            "class_name": "Driver",
            "sub": [
                {
                "name": "driver_line",
                "cpu_second": 0,
                "calls": 1,
                "cpu_second_per_call": 0.000000000000000,
                "cpu_second_per_total": 0.000000000000000
                },
                {
                "name": "reading",
                "cpu_second": 0.003643219,
                "calls": 1,
                "cpu_second_per_call": 0.003643219000000,
                "cpu_second_per_total": 0.894755739980898
                }
            ]
        },
        {
            "class_name": "Input",
            "sub": [
                {
                "name": "Init",
                "cpu_second": 0.001290425,
                "calls": 1,
                "cpu_second_per_call": 0.001290425000000,
                "cpu_second_per_total": 0.316921704614751
                }
            ]
        },
        {
            "class_name": "Input_Conv",
            "sub": [
                {
                "name": "Convert",
                "cpu_second": 0.000497669,
                "calls": 1,
                "cpu_second_per_call": 0.000497669000000,
                "cpu_second_per_total": 0.122224931951813
                }
            ]
        }
    ]
}
