{
    "total": 0.0103629,
    "sub": [
        {
            "class_name": "Driver",
            "sub": [
                {
                "name": "driver_line",
                "cpu_second": 0,
                "calls": 1,
                "cpu_second_per_call": 0.000000000000000,
                "cpu_second_per_total": 0.000000000000000
                },
                {
                "name": "reading",
                "cpu_second": 0.009565396,
                "calls": 1,
                "cpu_second_per_call": 0.009565396000000,
                "cpu_second_per_total": 0.923039541319001
                }
            ]
        },
        {
            "class_name": "Input",
            "sub": [
                {
                "name": "Init",
                "cpu_second": 0.005676734,
                "calls": 1,
                "cpu_second_per_call": 0.005676734000000,
                "cpu_second_per_total": 0.547792265741008
                }
            ]
        },
        {
            "class_name": "Input_Conv",
            "sub": [
                {
                "name": "Convert",
                "cpu_second": 0.00089371,
                "calls": 1,
                "cpu_second_per_call": 0.000893710000000,
                "cpu_second_per_total": 0.086241036803098
                }
            ]
        }
    ]
}
