{
    "total": 0.0039559,
    "sub": [
        {
            "class_name": "Driver",
            "sub": [
                {
                "name": "driver_line",
                "cpu_second": 0,
                "calls": 1,
                "cpu_second_per_call": 0.000000000000000,
                "cpu_second_per_total": 0.000000000000000
                },
                {
                "name": "reading",
                "cpu_second": 0.003658877,
                "calls": 1,
                "cpu_second_per_call": 0.003658877000000,
                "cpu_second_per_total": 0.924917155325328
                }
            ]
        },
        {
            "class_name": "Input",
            "sub": [
                {
                "name": "Init",
                "cpu_second": 0.002032649,
                "calls": 1,
                "cpu_second_per_call": 0.002032649000000,
                "cpu_second_per_total": 0.513827584489687
                }
            ]
        },
        {
            "class_name": "Input_Conv",
            "sub": [
                {
                "name": "Convert",
                "cpu_second": 0.000353111,
                "calls": 1,
                "cpu_second_per_call": 0.000353111000000,
                "cpu_second_per_total": 0.089261929721628
                }
            ]
        }
    ]
}
