{
    "total": 0.00551997,
    "sub": [
        {
            "class_name": "Driver",
            "sub": [
                {
                "name": "driver_line",
                "cpu_second": 0,
                "calls": 1,
                "cpu_second_per_call": 0.000000000000000,
                "cpu_second_per_total": 0.000000000000000
                },
                {
                "name": "reading",
                "cpu_second": 0.005157492,
                "calls": 1,
                "cpu_second_per_call": 0.005157492000000,
                "cpu_second_per_total": 0.934333000239856
                }
            ]
        },
        {
            "class_name": "Input",
            "sub": [
                {
                "name": "Init",
                "cpu_second": 0.003003939,
                "calls": 1,
                "cpu_second_per_call": 0.003003939000000,
                "cpu_second_per_total": 0.544194608233520
                }
            ]
        },
        {
            "class_name": "Input_Conv",
            "sub": [
                {
                "name": "Convert",
                "cpu_second": 0.000511201,
                "calls": 1,
                "cpu_second_per_call": 0.000511201000000,
                "cpu_second_per_total": 0.092609346569149
                }
            ]
        }
    ]
}
