{
    "total": 0.0078567,
    "sub": [
        {
            "class_name": "Driver",
            "sub": [
                {
                "name": "driver_line",
                "cpu_second": 0,
                "calls": 1,
                "cpu_second_per_call": 0.000000000000000,
                "cpu_second_per_total": 0.000000000000000
                },
                {
                "name": "reading",
                "cpu_second": 0.007270809,
                "calls": 1,
                "cpu_second_per_call": 0.007270809000000,
                "cpu_second_per_total": 0.925427733599637
                }
            ]
        },
        {
            "class_name": "Input",
            "sub": [
                {
                "name": "Init",
                "cpu_second": 0.004325585,
                "calls": 1,
                "cpu_second_per_call": 0.004325585000000,
                "cpu_second_per_total": 0.550559961490198
                }
            ]
        },
        {
            "class_name": "Input_Conv",
            "sub": [
                {
                "name": "Convert",
                "cpu_second": 0.000710618,
                "calls": 1,
                "cpu_second_per_call": 0.000710618000000,
                "cpu_second_per_total": 0.090447377340693
                }
            ]
        }
    ]
}
