{
    "total": 0.00543046,
    "sub": [
        {
            "class_name": "Driver",
            "sub": [
                {
                "name": "driver_line",
                "cpu_second": 0,
                "calls": 1,
                "cpu_second_per_call": 0.000000000000000,
                "cpu_second_per_total": 0.000000000000000
                },
                {
                "name": "reading",
                "cpu_second": 0.005023689,
                "calls": 1,
                "cpu_second_per_call": 0.005023689000000,
                "cpu_second_per_total": 0.925094729561534
                }
            ]
        },
        {
            "class_name": "Input",
            "sub": [
                {
                "name": "Init",
                "cpu_second": 0.002793306,
                "calls": 1,
                "cpu_second_per_call": 0.002793306000000,
                "cpu_second_per_total": 0.514377513944954
                }
            ]
        },
        {
            "class_name": "Input_Conv",
            "sub": [
                {
                "name": "Convert",
                "cpu_second": 0.000537193,
                "calls": 1,
                "cpu_second_per_call": 0.000537193000000,
                "cpu_second_per_total": 0.098922208969813
                }
            ]
        }
    ]
}
