{
    "total": 0.00459919,
    "sub": [
        {
            "class_name": "Driver",
            "sub": [
                {
                "name": "driver_line",
                "cpu_second": 0,
                "calls": 1,
                "cpu_second_per_call": 0.000000000000000,
                "cpu_second_per_total": 0.000000000000000
                },
                {
                "name": "reading",
                "cpu_second": 0.004122378,
                "calls": 1,
                "cpu_second_per_call": 0.004122378000000,
                "cpu_second_per_total": 0.896327156809603
                }
            ]
        },
        {
            "class_name": "Input",
            "sub": [
                {
                "name": "Init",
                "cpu_second": 0.001297203,
                "calls": 1,
                "cpu_second_per_call": 0.001297203000000,
                "cpu_second_per_total": 0.282050378882016
                }
            ]
        },
        {
            "class_name": "Input_Conv",
            "sub": [
                {
                "name": "Convert",
                "cpu_second": 0.000765256,
                "calls": 1,
                "cpu_second_per_call": 0.000765256000000,
                "cpu_second_per_total": 0.166389335163221
                }
            ]
        }
    ]
}
