{
    "total": 0.00432482,
    "sub": [
        {
            "class_name": "Driver",
            "sub": [
                {
                "name": "driver_line",
                "cpu_second": 0,
                "calls": 1,
                "cpu_second_per_call": 0.000000000000000,
                "cpu_second_per_total": 0.000000000000000
                },
                {
                "name": "reading",
                "cpu_second": 0.003961815,
                "calls": 1,
                "cpu_second_per_call": 0.003961815000000,
                "cpu_second_per_total": 0.916065138463630
                }
            ]
        },
        {
            "class_name": "Input",
            "sub": [
                {
                "name": "Init",
                "cpu_second": 0.002174345,
                "calls": 1,
                "cpu_second_per_call": 0.002174345000000,
                "cpu_second_per_total": 0.502759884924637
                }
            ]
        },
        {
            "class_name": "Input_Conv",
            "sub": [
                {
                "name": "Convert",
                "cpu_second": 0.000372434,
                "calls": 1,
                "cpu_second_per_call": 0.000372434000000,
                "cpu_second_per_total": 0.086115531335654
                }
            ]
        }
    ]
}
