{
    "total": 0.00797943,
    "sub": [
        {
            "class_name": "Driver",
            "sub": [
                {
                "name": "driver_line",
                "cpu_second": 0,
                "calls": 1,
                "cpu_second_per_call": 0.000000000000000,
                "cpu_second_per_total": 0.000000000000000
                },
                {
                "name": "reading",
                "cpu_second": 0.007086849,
                "calls": 1,
                "cpu_second_per_call": 0.007086849000000,
                "cpu_second_per_total": 0.888139643039710
                }
            ]
        },
        {
            "class_name": "Input",
            "sub": [
                {
                "name": "Init",
                "cpu_second": 0.002421814,
                "calls": 1,
                "cpu_second_per_call": 0.002421814000000,
                "cpu_second_per_total": 0.303507104704584
                }
            ]
        },
        {
            "class_name": "Input_Conv",
            "sub": [
                {
                "name": "Convert",
                "cpu_second": 0.000921178,
                "calls": 1,
                "cpu_second_per_call": 0.000921178000000,
                "cpu_second_per_total": 0.115444071137403
                }
            ]
        }
    ]
}
