{
    "total": 0.0241056,
    "sub": [
        {
            "class_name": "Driver",
            "sub": [
                {
                "name": "driver_line",
                "cpu_second": 0,
                "calls": 1,
                "cpu_second_per_call": 0.000000000000000,
                "cpu_second_per_total": 0.000000000000000
                },
                {
                "name": "reading",
                "cpu_second": 0.021735371,
                "calls": 1,
                "cpu_second_per_call": 0.021735371000000,
                "cpu_second_per_total": 0.901673358543803
                }
            ]
        },
        {
            "class_name": "Input",
            "sub": [
                {
                "name": "Init",
                "cpu_second": 0.013601258,
                "calls": 1,
                "cpu_second_per_call": 0.013601258000000,
                "cpu_second_per_total": 0.564236606832282
                }
            ]
        },
        {
            "class_name": "Input_Conv",
            "sub": [
                {
                "name": "Convert",
                "cpu_second": 0.003851794,
                "calls": 1,
                "cpu_second_per_call": 0.003851794000000,
                "cpu_second_per_total": 0.159788394336534
                }
            ]
        }
    ]
}
