{
    "total": 0.0104325,
    "sub": [
        {
            "class_name": "Driver",
            "sub": [
                {
                "name": "driver_line",
                "cpu_second": 0,
                "calls": 1,
                "cpu_second_per_call": 0.000000000000000,
                "cpu_second_per_total": 0.000000000000000
                },
                {
                "name": "reading",
                "cpu_second": 0.009671321,
                "calls": 1,
                "cpu_second_per_call": 0.009671321000000,
                "cpu_second_per_total": 0.927040917658570
                }
            ]
        },
        {
            "class_name": "Input",
            "sub": [
                {
                "name": "Init",
                "cpu_second": 0.005636286,
                "calls": 1,
                "cpu_second_per_call": 0.005636286000000,
                "cpu_second_per_total": 0.540264121687839
                }
            ]
        },
        {
            "class_name": "Input_Conv",
            "sub": [
                {
                "name": "Convert",
                "cpu_second": 0.000956958000000001,
                "calls": 1,
                "cpu_second_per_call": 0.000956958000000,
                "cpu_second_per_total": 0.091728857152059
                }
            ]
        }
    ]
}
