{
    "total": 0.00452505,
    "sub": [
        {
            "class_name": "Driver",
            "sub": [
                {
                "name": "driver_line",
                "cpu_second": 0,
                "calls": 1,
                "cpu_second_per_call": 0.000000000000000,
                "cpu_second_per_total": 0.000000000000000
                },
                {
                "name": "reading",
                "cpu_second": 0.004152646,
                "calls": 1,
                "cpu_second_per_call": 0.004152646000000,
                "cpu_second_per_total": 0.917701682854333
                }
            ]
        },
        {
            "class_name": "Input",
            "sub": [
                {
                "name": "Init",
                "cpu_second": 0.002427961,
                "calls": 1,
                "cpu_second_per_call": 0.002427961000000,
                "cpu_second_per_total": 0.536560038010630
                }
            ]
        },
        {
            "class_name": "Input_Conv",
            "sub": [
                {
                "name": "Convert",
                "cpu_second": 0.000413236,
                "calls": 1,
                "cpu_second_per_call": 0.000413236000000,
                "cpu_second_per_total": 0.091321863846808
                }
            ]
        }
    ]
}
