{
    "total": 0.0449183,
    "sub": [
        {
            "class_name": "Driver",
            "sub": [
                {
                "name": "driver_line",
                "cpu_second": 0,
                "calls": 1,
                "cpu_second_per_call": 0.000000000000000,
                "cpu_second_per_total": 0.000000000000000
                },
                {
                "name": "reading",
                "cpu_second": 0.0195798412896693,
                "calls": 1,
                "cpu_second_per_call": 0.019579841289669,
                "cpu_second_per_total": 0.435899030465369
                }
            ]
        },
        {
            "class_name": "Input",
            "sub": [
                {
                "name": "Init",
                "cpu_second": 0.0151684283046052,
                "calls": 1,
                "cpu_second_per_call": 0.015168428304605,
                "cpu_second_per_total": 0.337689314935839
                }
            ]
        },
        {
            "class_name": "Input_Conv",
            "sub": [
                {
                "name": "Convert",
                "cpu_second": 0.000297512160614133,
                "calls": 1,
                "cpu_second_per_call": 0.000297512160614,
                "cpu_second_per_total": 0.006623407230159
                }
            ]
        }
    ]
}
