{
    "total": 0.00403992,
    "sub": [
        {
            "class_name": "Driver",
            "sub": [
                {
                "name": "driver_line",
                "cpu_second": 0,
                "calls": 1,
                "cpu_second_per_call": 0.000000000000000,
                "cpu_second_per_total": 0.000000000000000
                },
                {
                "name": "reading",
                "cpu_second": 0.003695048,
                "calls": 1,
                "cpu_second_per_call": 0.003695048000000,
                "cpu_second_per_total": 0.914634858744588
                }
            ]
        },
        {
            "class_name": "Input",
            "sub": [
                {
                "name": "Init",
                "cpu_second": 0.001740228,
                "calls": 1,
                "cpu_second_per_call": 0.001740228000000,
                "cpu_second_per_total": 0.430758461314542
                }
            ]
        },
        {
            "class_name": "Input_Conv",
            "sub": [
                {
                "name": "Convert",
                "cpu_second": 0.000432152,
                "calls": 1,
                "cpu_second_per_call": 0.000432152000000,
                "cpu_second_per_total": 0.106970540971644
                }
            ]
        }
    ]
}
