{
    "total": 0.0040377,
    "sub": [
        {
            "class_name": "Driver",
            "sub": [
                {
                "name": "driver_line",
                "cpu_second": 0,
                "calls": 1,
                "cpu_second_per_call": 0.000000000000000,
                "cpu_second_per_total": 0.000000000000000
                },
                {
                "name": "reading",
                "cpu_second": 0.003610231,
                "calls": 1,
                "cpu_second_per_call": 0.003610231000000,
                "cpu_second_per_total": 0.894129462157339
                }
            ]
        },
        {
            "class_name": "Input",
            "sub": [
                {
                "name": "Init",
                "cpu_second": 0.001255213,
                "calls": 1,
                "cpu_second_per_call": 0.001255213000000,
                "cpu_second_per_total": 0.310872884472739
                }
            ]
        },
        {
            "class_name": "Input_Conv",
            "sub": [
                {
                "name": "Convert",
                "cpu_second": 0.000472592,
                "calls": 1,
                "cpu_second_per_call": 0.000472592000000,
                "cpu_second_per_total": 0.117044707327554
                }
            ]
        }
    ]
}
