{
    "total": 0.00803221,
    "sub": [
        {
            "class_name": "Driver",
            "sub": [
                {
                "name": "driver_line",
                "cpu_second": 0,
                "calls": 1,
                "cpu_second_per_call": 0.000000000000000,
                "cpu_second_per_total": 0.000000000000000
                },
                {
                "name": "reading",
                "cpu_second": 0.007199925,
                "calls": 1,
                "cpu_second_per_call": 0.007199925000000,
                "cpu_second_per_total": 0.896381457110626
                }
            ]
        },
        {
            "class_name": "Input",
            "sub": [
                {
                "name": "Init",
                "cpu_second": 0.002671672,
                "calls": 1,
                "cpu_second_per_call": 0.002671672000000,
                "cpu_second_per_total": 0.332619748161496
                }
            ]
        },
        {
            "class_name": "Input_Conv",
            "sub": [
                {
                "name": "Convert",
                "cpu_second": 0.000935773,
                "calls": 1,
                "cpu_second_per_call": 0.000935773000000,
                "cpu_second_per_total": 0.116502542077144
                }
            ]
        }
    ]
}
