{
    "total": 0.00300826,
    "sub": [
        {
            "class_name": "Driver",
            "sub": [
                {
                "name": "driver_line",
                "cpu_second": 0,
                "calls": 1,
                "cpu_second_per_call": 0.000000000000000,
                "cpu_second_per_total": 0.000000000000000
                },
                {
                "name": "reading",
                "cpu_second": 0.002671994,
                "calls": 1,
                "cpu_second_per_call": 0.002671994000000,
                "cpu_second_per_total": 0.888217922363197
                }
            ]
        },
        {
            "class_name": "Input",
            "sub": [
                {
                "name": "Init",
                "cpu_second": 0.001021947,
                "calls": 1,
                "cpu_second_per_call": 0.001021947000000,
                "cpu_second_per_total": 0.339713203362471
                }
            ]
        },
        {
            "class_name": "Input_Conv",
            "sub": [
                {
                "name": "Convert",
                "cpu_second": 0.00035421,
                "calls": 1,
                "cpu_second_per_call": 0.000354210000000,
                "cpu_second_per_total": 0.117745649982847
                }
            ]
        }
    ]
}
