{
    "total": 0.0044728,
    "sub": [
        {
            "class_name": "Driver",
            "sub": [
                {
                "name": "driver_line",
                "cpu_second": 0,
                "calls": 1,
                "cpu_second_per_call": 0.000000000000000,
                "cpu_second_per_total": 0.000000000000000
                },
                {
                "name": "reading",
                "cpu_second": 0.003958594,
                "calls": 1,
                "cpu_second_per_call": 0.003958594000000,
                "cpu_second_per_total": 0.885036717475980
                }
            ]
        },
        {
            "class_name": "Input",
            "sub": [
                {
                "name": "Init",
                "cpu_second": 0.001165759,
                "calls": 1,
                "cpu_second_per_call": 0.001165759000000,
                "cpu_second_per_total": 0.260632820321579
                }
            ]
        },
        {
            "class_name": "Input_Conv",
            "sub": [
                {
                "name": "Convert",
                "cpu_second": 0.0005795,
                "calls": 1,
                "cpu_second_per_call": 0.000579500000000,
                "cpu_second_per_total": 0.129560843515988
                }
            ]
        }
    ]
}
