{
    "total": 0.0046496,
    "sub": [
        {
            "class_name": "Driver",
            "sub": [
                {
                "name": "driver_line",
                "cpu_second": 0,
                "calls": 1,
                "cpu_second_per_call": 0.000000000000000,
                "cpu_second_per_total": 0.000000000000000
                },
                {
                "name": "reading",
                "cpu_second": 0.004262784,
                "calls": 1,
                "cpu_second_per_call": 0.004262784000000,
                "cpu_second_per_total": 0.916806607019959
                }
            ]
        },
        {
            "class_name": "Input",
            "sub": [
                {
                "name": "Init",
                "cpu_second": 0.002308514,
                "calls": 1,
                "cpu_second_per_call": 0.002308514000000,
                "cpu_second_per_total": 0.496497333103923
                }
            ]
        },
        {
            "class_name": "Input_Conv",
            "sub": [
                {
                "name": "Convert",
                "cpu_second": 0.000554719,
                "calls": 1,
                "cpu_second_per_call": 0.000554719000000,
                "cpu_second_per_total": 0.119304671369580
                }
            ]
        }
    ]
}
