{
    "total": 0.013818,
    "sub": [
        {
            "class_name": "Driver",
            "sub": [
                {
                "name": "driver_line",
                "cpu_second": 0,
                "calls": 1,
                "cpu_second_per_call": 0.000000000000000,
                "cpu_second_per_total": 0.000000000000000
                },
                {
                "name": "reading",
                "cpu_second": 0.013317466,
                "calls": 1,
                "cpu_second_per_call": 0.013317466000000,
                "cpu_second_per_total": 0.963776598366146
                }
            ]
        },
        {
            "class_name": "Input",
            "sub": [
                {
                "name": "Init",
                "cpu_second": 0.004501572,
                "calls": 1,
                "cpu_second_per_call": 0.004501572000000,
                "cpu_second_per_total": 0.325775920844122
                }
            ]
        },
        {
            "class_name": "Input_Conv",
            "sub": [
                {
                "name": "Convert",
                "cpu_second": 0.000548320000000001,
                "calls": 1,
                "cpu_second_per_call": 0.000548320000000,
                "cpu_second_per_total": 0.039681571885832
                }
            ]
        }
    ]
}
