{
    "total": 0.00536572,
    "sub": [
        {
            "class_name": "Driver",
            "sub": [
                {
                "name": "driver_line",
                "cpu_second": 0,
                "calls": 1,
                "cpu_second_per_call": 0.000000000000000,
                "cpu_second_per_total": 0.000000000000000
                },
                {
                "name": "reading",
                "cpu_second": 0.004939832,
                "calls": 1,
                "cpu_second_per_call": 0.004939832000000,
                "cpu_second_per_total": 0.920627471824393
                }
            ]
        },
        {
            "class_name": "Input",
            "sub": [
                {
                "name": "Init",
                "cpu_second": 0.002679012,
                "calls": 1,
                "cpu_second_per_call": 0.002679012000000,
                "cpu_second_per_total": 0.499282575712537
                }
            ]
        },
        {
            "class_name": "Input_Conv",
            "sub": [
                {
                "name": "Convert",
                "cpu_second": 0.000485546,
                "calls": 1,
                "cpu_second_per_call": 0.000485546000000,
                "cpu_second_per_total": 0.090490321621150
                }
            ]
        }
    ]
}
