{
    "total": 0.00527018,
    "sub": [
        {
            "class_name": "Driver",
            "sub": [
                {
                "name": "driver_line",
                "cpu_second": 0,
                "calls": 1,
                "cpu_second_per_call": 0.000000000000000,
                "cpu_second_per_total": 0.000000000000000
                },
                {
                "name": "reading",
                "cpu_second": 0.004883788,
                "calls": 1,
                "cpu_second_per_call": 0.004883788000000,
                "cpu_second_per_total": 0.926683866594993
                }
            ]
        },
        {
            "class_name": "Input",
            "sub": [
                {
                "name": "Init",
                "cpu_second": 0.002284544,
                "calls": 1,
                "cpu_second_per_call": 0.002284544000000,
                "cpu_second_per_total": 0.433485251064623
                }
            ]
        },
        {
            "class_name": "Input_Conv",
            "sub": [
                {
                "name": "Convert",
                "cpu_second": 0.000635678,
                "calls": 1,
                "cpu_second_per_call": 0.000635678000000,
                "cpu_second_per_total": 0.120617960269646
                }
            ]
        }
    ]
}
