{
    "total": 0.00667272,
    "sub": [
        {
            "class_name": "Driver",
            "sub": [
                {
                "name": "driver_line",
                "cpu_second": 0,
                "calls": 1,
                "cpu_second_per_call": 0.000000000000000,
                "cpu_second_per_total": 0.000000000000000
                },
                {
                "name": "reading",
                "cpu_second": 0.006162204,
                "calls": 1,
                "cpu_second_per_call": 0.006162204000000,
                "cpu_second_per_total": 0.923491654006917
                }
            ]
        },
        {
            "class_name": "Input",
            "sub": [
                {
                "name": "Init",
                "cpu_second": 0.003726348,
                "calls": 1,
                "cpu_second_per_call": 0.003726348000000,
                "cpu_second_per_total": 0.558444880748084
                }
            ]
        },
        {
            "class_name": "Input_Conv",
            "sub": [
                {
                "name": "Convert",
                "cpu_second": 0.000550416,
                "calls": 1,
                "cpu_second_per_call": 0.000550416000000,
                "cpu_second_per_total": 0.082487464263090
                }
            ]
        }
    ]
}
