{
    "total": 0.0341046,
    "sub": [
        {
            "class_name": "Driver",
            "sub": [
                {
                "name": "driver_line",
                "cpu_second": 0,
                "calls": 1,
                "cpu_second_per_call": 0.000000000000000,
                "cpu_second_per_total": 0.000000000000000
                },
                {
                "name": "reading",
                "cpu_second": 0.0268314980203286,
                "calls": 1,
                "cpu_second_per_call": 0.026831498020329,
                "cpu_second_per_total": 0.786742142489211
                }
            ]
        },
        {
            "class_name": "Input",
            "sub": [
                {
                "name": "Init",
                "cpu_second": 0.0146336258621886,
                "calls": 1,
                "cpu_second_per_call": 0.014633625862189,
                "cpu_second_per_total": 0.429081155084267
                }
            ]
        },
        {
            "class_name": "Input_Conv",
            "sub": [
                {
                "name": "Convert",
                "cpu_second": 0.000294524128548801,
                "calls": 1,
                "cpu_second_per_call": 0.000294524128549,
                "cpu_second_per_total": 0.008635915286344
                }
            ]
        }
    ]
}
