{
    "total": 0.00675669,
    "sub": [
        {
            "class_name": "Driver",
            "sub": [
                {
                "name": "driver_line",
                "cpu_second": 0,
                "calls": 1,
                "cpu_second_per_call": 0.000000000000000,
                "cpu_second_per_total": 0.000000000000000
                },
                {
                "name": "reading",
                "cpu_second": 0.006413797,
                "calls": 1,
                "cpu_second_per_call": 0.006413797000000,
                "cpu_second_per_total": 0.949251053622098
                }
            ]
        },
        {
            "class_name": "Input",
            "sub": [
                {
                "name": "Init",
                "cpu_second": 0.004535417,
                "calls": 1,
                "cpu_second_per_call": 0.004535417000000,
                "cpu_second_per_total": 0.671248149242262
                }
            ]
        },
        {
            "class_name": "Input_Conv",
            "sub": [
                {
                "name": "Convert",
                "cpu_second": 0.000446084,
                "calls": 1,
                "cpu_second_per_call": 0.000446084000000,
                "cpu_second_per_total": 0.066021064745885
                }
            ]
        }
    ]
}
