{
    "total": 0.0587774,
    "sub": [
        {
            "class_name": "Driver",
            "sub": [
                {
                "name": "driver_line",
                "cpu_second": 0,
                "calls": 1,
                "cpu_second_per_call": 0.000000000000000,
                "cpu_second_per_total": 0.000000000000000
                },
                {
                "name": "reading",
                "cpu_second": 0.057547279,
                "calls": 1,
                "cpu_second_per_call": 0.057547279000000,
                "cpu_second_per_total": 0.979071480922694
                }
            ]
        },
        {
            "class_name": "Input",
            "sub": [
                {
                "name": "Init",
                "cpu_second": 0.053937767,
                "calls": 1,
                "cpu_second_per_call": 0.053937767000000,
                "cpu_second_per_total": 0.917661622443578
                }
            ]
        },
        {
            "class_name": "Input_Conv",
            "sub": [
                {
                "name": "Convert",
                "cpu_second": 0.000898856000000003,
                "calls": 1,
                "cpu_second_per_call": 0.000898856000000,
                "cpu_second_per_total": 0.015292543632797
                }
            ]
        }
    ]
}
