{
    "total": 0.00407676,
    "sub": [
        {
            "class_name": "Driver",
            "sub": [
                {
                "name": "driver_line",
                "cpu_second": 0,
                "calls": 1,
                "cpu_second_per_call": 0.000000000000000,
                "cpu_second_per_total": 0.000000000000000
                },
                {
                "name": "reading",
                "cpu_second": 0.003778529,
                "calls": 1,
                "cpu_second_per_call": 0.003778529000000,
                "cpu_second_per_total": 0.926845391797365
                }
            ]
        },
        {
            "class_name": "Input",
            "sub": [
                {
                "name": "Init",
                "cpu_second": 0.002385954,
                "calls": 1,
                "cpu_second_per_call": 0.002385954000000,
                "cpu_second_per_total": 0.585256979618388
                }
            ]
        },
        {
            "class_name": "Input_Conv",
            "sub": [
                {
                "name": "Convert",
                "cpu_second": 0.000313485,
                "calls": 1,
                "cpu_second_per_call": 0.000313485000000,
                "cpu_second_per_total": 0.076895566408938
                }
            ]
        }
    ]
}
