{
    "total": 0.00402702,
    "sub": [
        {
            "class_name": "Driver",
            "sub": [
                {
                "name": "driver_line",
                "cpu_second": 0,
                "calls": 1,
                "cpu_second_per_call": 0.000000000000000,
                "cpu_second_per_total": 0.000000000000000
                },
                {
                "name": "reading",
                "cpu_second": 0.003620276,
                "calls": 1,
                "cpu_second_per_call": 0.003620276000000,
                "cpu_second_per_total": 0.898995387164318
                }
            ]
        },
        {
            "class_name": "Input",
            "sub": [
                {
                "name": "Init",
                "cpu_second": 0.001221627,
                "calls": 1,
                "cpu_second_per_call": 0.001221627000000,
                "cpu_second_per_total": 0.303357268295396
                }
            ]
        },
        {
            "class_name": "Input_Conv",
            "sub": [
                {
                "name": "Convert",
                "cpu_second": 0.000492581,
                "calls": 1,
                "cpu_second_per_call": 0.000492581000000,
                "cpu_second_per_total": 0.122318863756461
                }
            ]
        }
    ]
}
