{
    "total": 0.00823952,
    "sub": [
        {
            "class_name": "Driver",
            "sub": [
                {
                "name": "driver_line",
                "cpu_second": 0,
                "calls": 1,
                "cpu_second_per_call": 0.000000000000000,
                "cpu_second_per_total": 0.000000000000000
                },
                {
                "name": "reading",
                "cpu_second": 0.007373447,
                "calls": 1,
                "cpu_second_per_call": 0.007373447000000,
                "cpu_second_per_total": 0.894887604537301
                }
            ]
        },
        {
            "class_name": "Input",
            "sub": [
                {
                "name": "Init",
                "cpu_second": 0.002668815,
                "calls": 1,
                "cpu_second_per_call": 0.002668815000000,
                "cpu_second_per_total": 0.323904065805751
                }
            ]
        },
        {
            "class_name": "Input_Conv",
            "sub": [
                {
                "name": "Convert",
                "cpu_second": 0.000968017,
                "calls": 1,
                "cpu_second_per_call": 0.000968017000000,
                "cpu_second_per_total": 0.117484592251275
                }
            ]
        }
    ]
}
