{
    "total": 0.00520838,
    "sub": [
        {
            "class_name": "Driver",
            "sub": [
                {
                "name": "driver_line",
                "cpu_second": 0,
                "calls": 1,
                "cpu_second_per_call": 0.000000000000000,
                "cpu_second_per_total": 0.000000000000000
                },
                {
                "name": "reading",
                "cpu_second": 0.004798948,
                "calls": 1,
                "cpu_second_per_call": 0.004798948000000,
                "cpu_second_per_total": 0.921390467969286
                }
            ]
        },
        {
            "class_name": "Input",
            "sub": [
                {
                "name": "Init",
                "cpu_second": 0.002451918,
                "calls": 1,
                "cpu_second_per_call": 0.002451918000000,
                "cpu_second_per_total": 0.470764399498039
                }
            ]
        },
        {
            "class_name": "Input_Conv",
            "sub": [
                {
                "name": "Convert",
                "cpu_second": 0.00045177,
                "calls": 1,
                "cpu_second_per_call": 0.000451770000000,
                "cpu_second_per_total": 0.086739129433052
                }
            ]
        }
    ]
}
