{
    "total": 0.00400602,
    "sub": [
        {
            "class_name": "Driver",
            "sub": [
                {
                "name": "driver_line",
                "cpu_second": 0,
                "calls": 1,
                "cpu_second_per_call": 0.000000000000000,
                "cpu_second_per_total": 0.000000000000000
                },
                {
                "name": "reading",
                "cpu_second": 0.003631504,
                "calls": 1,
                "cpu_second_per_call": 0.003631504000000,
                "cpu_second_per_total": 0.906511021030084
                }
            ]
        },
        {
            "class_name": "Input",
            "sub": [
                {
                "name": "Init",
                "cpu_second": 0.001918986,
                "calls": 1,
                "cpu_second_per_call": 0.001918986000000,
                "cpu_second_per_total": 0.479025207793365
                }
            ]
        },
        {
            "class_name": "Input_Conv",
            "sub": [
                {
                "name": "Convert",
                "cpu_second": 0.000353032,
                "calls": 1,
                "cpu_second_per_call": 0.000353032000000,
                "cpu_second_per_total": 0.088125305321512
                }
            ]
        }
    ]
}
