{
    "total": 0.0032176,
    "sub": [
        {
            "class_name": "Driver",
            "sub": [
                {
                "name": "driver_line",
                "cpu_second": 0,
                "calls": 1,
                "cpu_second_per_call": 0.000000000000000,
                "cpu_second_per_total": 0.000000000000000
                },
                {
                "name": "reading",
                "cpu_second": 0.002843778,
                "calls": 1,
                "cpu_second_per_call": 0.002843778000000,
                "cpu_second_per_total": 0.883819342423128
                }
            ]
        },
        {
            "class_name": "Input",
            "sub": [
                {
                "name": "Init",
                "cpu_second": 0.000976272,
                "calls": 1,
                "cpu_second_per_call": 0.000976272000000,
                "cpu_second_per_total": 0.303416116541485
                }
            ]
        },
        {
            "class_name": "Input_Conv",
            "sub": [
                {
                "name": "Convert",
                "cpu_second": 0.000398936,
                "calls": 1,
                "cpu_second_per_call": 0.000398936000000,
                "cpu_second_per_total": 0.123985540780227
                }
            ]
        }
    ]
}
