{
    "total": 0.0680027,
    "sub": [
        {
            "class_name": "Driver",
            "sub": [
                {
                "name": "driver_line",
                "cpu_second": 0,
                "calls": 1,
                "cpu_second_per_call": 0.000000000000000,
                "cpu_second_per_total": 0.000000000000000
                },
                {
                "name": "reading",
                "cpu_second": 0.06637284,
                "calls": 1,
                "cpu_second_per_call": 0.066372840000000,
                "cpu_second_per_total": 0.976032149538021
                }
            ]
        },
        {
            "class_name": "Input",
            "sub": [
                {
                "name": "Init",
                "cpu_second": 0.020694025,
                "calls": 1,
                "cpu_second_per_call": 0.020694025000000,
                "cpu_second_per_total": 0.304311729064833
                }
            ]
        },
        {
            "class_name": "Input_Conv",
            "sub": [
                {
                "name": "Convert",
                "cpu_second": 0.00106387,
                "calls": 1,
                "cpu_second_per_call": 0.001063870000000,
                "cpu_second_per_total": 0.015644521508030
                }
            ]
        }
    ]
}
