{
    "total": 0.00755277,
    "sub": [
        {
            "class_name": "Driver",
            "sub": [
                {
                "name": "driver_line",
                "cpu_second": 0,
                "calls": 1,
                "cpu_second_per_call": 0.000000000000000,
                "cpu_second_per_total": 0.000000000000000
                },
                {
                "name": "reading",
                "cpu_second": 0.007183822,
                "calls": 1,
                "cpu_second_per_call": 0.007183822000000,
                "cpu_second_per_total": 0.951151267118731
                }
            ]
        },
        {
            "class_name": "Input",
            "sub": [
                {
                "name": "Init",
                "cpu_second": 0.005252627,
                "calls": 1,
                "cpu_second_per_call": 0.005252627000000,
                "cpu_second_per_total": 0.695457491395535
                }
            ]
        },
        {
            "class_name": "Input_Conv",
            "sub": [
                {
                "name": "Convert",
                "cpu_second": 0.000503417,
                "calls": 1,
                "cpu_second_per_call": 0.000503417000000,
                "cpu_second_per_total": 0.066653338214548
                }
            ]
        }
    ]
}
