{
    "total": 0.00705289,
    "sub": [
        {
            "class_name": "Driver",
            "sub": [
                {
                "name": "driver_line",
                "cpu_second": 0,
                "calls": 1,
                "cpu_second_per_call": 0.000000000000000,
                "cpu_second_per_total": 0.000000000000000
                },
                {
                "name": "reading",
                "cpu_second": 0.006668927,
                "calls": 1,
                "cpu_second_per_call": 0.006668927000000,
                "cpu_second_per_total": 0.945559882073823
                }
            ]
        },
        {
            "class_name": "Input",
            "sub": [
                {
                "name": "Init",
                "cpu_second": 0.005152727,
                "calls": 1,
                "cpu_second_per_call": 0.005152727000000,
                "cpu_second_per_total": 0.730584085637555
                }
            ]
        },
        {
            "class_name": "Input_Conv",
            "sub": [
                {
                "name": "Convert",
                "cpu_second": 0.000315071,
                "calls": 1,
                "cpu_second_per_call": 0.000315071000000,
                "cpu_second_per_total": 0.044672628386078
                }
            ]
        }
    ]
}
