{
    "total": 0.00772306,
    "sub": [
        {
            "class_name": "Driver",
            "sub": [
                {
                "name": "driver_line",
                "cpu_second": 0,
                "calls": 1,
                "cpu_second_per_call": 0.000000000000000,
                "cpu_second_per_total": 0.000000000000000
                },
                {
                "name": "reading",
                "cpu_second": 0.006942753,
                "calls": 1,
                "cpu_second_per_call": 0.006942753000000,
                "cpu_second_per_total": 0.898964244474145
                }
            ]
        },
        {
            "class_name": "Input",
            "sub": [
                {
                "name": "Init",
                "cpu_second": 0.002361761,
                "calls": 1,
                "cpu_second_per_call": 0.002361761000000,
                "cpu_second_per_total": 0.305806456458051
                }
            ]
        },
        {
            "class_name": "Input_Conv",
            "sub": [
                {
                "name": "Convert",
                "cpu_second": 0.000950103,
                "calls": 1,
                "cpu_second_per_call": 0.000950103000000,
                "cpu_second_per_total": 0.123021606208318
                }
            ]
        }
    ]
}
