{
    "total": 0.00484053,
    "sub": [
        {
            "class_name": "Driver",
            "sub": [
                {
                "name": "driver_line",
                "cpu_second": 0,
                "calls": 1,
                "cpu_second_per_call": 0.000000000000000,
                "cpu_second_per_total": 0.000000000000000
                },
                {
                "name": "reading",
                "cpu_second": 0.004478952,
                "calls": 1,
                "cpu_second_per_call": 0.004478952000000,
                "cpu_second_per_total": 0.925301407923466
                }
            ]
        },
        {
            "class_name": "Input",
            "sub": [
                {
                "name": "Init",
                "cpu_second": 0.002722376,
                "calls": 1,
                "cpu_second_per_call": 0.002722376000000,
                "cpu_second_per_total": 0.562412445075780
                }
            ]
        },
        {
            "class_name": "Input_Conv",
            "sub": [
                {
                "name": "Convert",
                "cpu_second": 0.000408815,
                "calls": 1,
                "cpu_second_per_call": 0.000408815000000,
                "cpu_second_per_total": 0.084456608394158
                }
            ]
        }
    ]
}
