{
    "total": 0.00565082,
    "sub": [
        {
            "class_name": "Driver",
            "sub": [
                {
                "name": "driver_line",
                "cpu_second": 0,
                "calls": 1,
                "cpu_second_per_call": 0.000000000000000,
                "cpu_second_per_total": 0.000000000000000
                },
                {
                "name": "reading",
                "cpu_second": 0.005252643,
                "calls": 1,
                "cpu_second_per_call": 0.005252643000000,
                "cpu_second_per_total": 0.929535763279833
                }
            ]
        },
        {
            "class_name": "Input",
            "sub": [
                {
                "name": "Init",
                "cpu_second": 0.003207762,
                "calls": 1,
                "cpu_second_per_call": 0.003207762000000,
                "cpu_second_per_total": 0.567662698395845
                }
            ]
        },
        {
            "class_name": "Input_Conv",
            "sub": [
                {
                "name": "Convert",
                "cpu_second": 0.000480374,
                "calls": 1,
                "cpu_second_per_call": 0.000480374000000,
                "cpu_second_per_total": 0.085009549049838
                }
            ]
        }
    ]
}
