{
    "total": 0.0414831,
    "sub": [
        {
            "class_name": "Driver",
            "sub": [
                {
                "name": "driver_line",
                "cpu_second": 0,
                "calls": 1,
                "cpu_second_per_call": 0.000000000000000,
                "cpu_second_per_total": 0.000000000000000
                },
                {
                "name": "reading",
                "cpu_second": 0.039632495,
                "calls": 1,
                "cpu_second_per_call": 0.039632495000000,
                "cpu_second_per_total": 0.955388227566526
                }
            ]
        },
        {
            "class_name": "Input",
            "sub": [
                {
                "name": "Init",
                "cpu_second": 0.035051728,
                "calls": 1,
                "cpu_second_per_call": 0.035051728000000,
                "cpu_second_per_total": 0.844963414164664
                }
            ]
        },
        {
            "class_name": "Input_Conv",
            "sub": [
                {
                "name": "Convert",
                "cpu_second": 0.000967510999999997,
                "calls": 1,
                "cpu_second_per_call": 0.000967511000000,
                "cpu_second_per_total": 0.023322998449659
                }
            ]
        }
    ]
}
