{
    "total": 0.00738289,
    "sub": [
        {
            "class_name": "Driver",
            "sub": [
                {
                "name": "driver_line",
                "cpu_second": 0,
                "calls": 1,
                "cpu_second_per_call": 0.000000000000000,
                "cpu_second_per_total": 0.000000000000000
                },
                {
                "name": "reading",
                "cpu_second": 0.006916309,
                "calls": 1,
                "cpu_second_per_call": 0.006916309000000,
                "cpu_second_per_total": 0.936802390391839
                }
            ]
        },
        {
            "class_name": "Input",
            "sub": [
                {
                "name": "Init",
                "cpu_second": 0.004928384,
                "calls": 1,
                "cpu_second_per_call": 0.004928384000000,
                "cpu_second_per_total": 0.667541301577025
                }
            ]
        },
        {
            "class_name": "Input_Conv",
            "sub": [
                {
                "name": "Convert",
                "cpu_second": 0.000484275,
                "calls": 1,
                "cpu_second_per_call": 0.000484275000000,
                "cpu_second_per_total": 0.065594232069014
                }
            ]
        }
    ]
}
