{
    "total": 0.00387788,
    "sub": [
        {
            "class_name": "Driver",
            "sub": [
                {
                "name": "driver_line",
                "cpu_second": 0,
                "calls": 1,
                "cpu_second_per_call": 0.000000000000000,
                "cpu_second_per_total": 0.000000000000000
                },
                {
                "name": "reading",
                "cpu_second": 0.003411978,
                "calls": 1,
                "cpu_second_per_call": 0.003411978000000,
                "cpu_second_per_total": 0.879856292650548
                }
            ]
        },
        {
            "class_name": "Input",
            "sub": [
                {
                "name": "Init",
                "cpu_second": 0.001370362,
                "calls": 1,
                "cpu_second_per_call": 0.001370362000000,
                "cpu_second_per_total": 0.353379074809155
                }
            ]
        },
        {
            "class_name": "Input_Conv",
            "sub": [
                {
                "name": "Convert",
                "cpu_second": 0.00043659,
                "calls": 1,
                "cpu_second_per_call": 0.000436590000000,
                "cpu_second_per_total": 0.112584682201439
                }
            ]
        }
    ]
}
