{
    "total": 0.051103,
    "sub": [
        {
            "class_name": "Driver",
            "sub": [
                {
                "name": "driver_line",
                "cpu_second": 0,
                "calls": 1,
                "cpu_second_per_call": 0.000000000000000,
                "cpu_second_per_total": 0.000000000000000
                },
                {
                "name": "reading",
                "cpu_second": 0.0498957351082936,
                "calls": 1,
                "cpu_second_per_call": 0.049895735108294,
                "cpu_second_per_total": 0.976375927531114
                }
            ]
        },
        {
            "class_name": "Input",
            "sub": [
                {
                "name": "Init",
                "cpu_second": 0.0228416982572526,
                "calls": 1,
                "cpu_second_per_call": 0.022841698257253,
                "cpu_second_per_total": 0.446973759859563
                }
            ]
        },
        {
            "class_name": "Input_Conv",
            "sub": [
                {
                "name": "Convert",
                "cpu_second": 0.000314190750941634,
                "calls": 1,
                "cpu_second_per_call": 0.000314190750942,
                "cpu_second_per_total": 0.006148186517475
                }
            ]
        }
    ]
}
