{
    "total": 0.00517565,
    "sub": [
        {
            "class_name": "Driver",
            "sub": [
                {
                "name": "driver_line",
                "cpu_second": 0,
                "calls": 1,
                "cpu_second_per_call": 0.000000000000000,
                "cpu_second_per_total": 0.000000000000000
                },
                {
                "name": "reading",
                "cpu_second": 0.004769953,
                "calls": 1,
                "cpu_second_per_call": 0.004769953000000,
                "cpu_second_per_total": 0.921614824194927
                }
            ]
        },
        {
            "class_name": "Input",
            "sub": [
                {
                "name": "Init",
                "cpu_second": 0.002906604,
                "calls": 1,
                "cpu_second_per_call": 0.002906604000000,
                "cpu_second_per_total": 0.561592396081108
                }
            ]
        },
        {
            "class_name": "Input_Conv",
            "sub": [
                {
                "name": "Convert",
                "cpu_second": 0.000408733,
                "calls": 1,
                "cpu_second_per_call": 0.000408733000000,
                "cpu_second_per_total": 0.078972348771081
                }
            ]
        }
    ]
}
