{
    "total": 0.0100363,
    "sub": [
        {
            "class_name": "Driver",
            "sub": [
                {
                "name": "driver_line",
                "cpu_second": 0,
                "calls": 1,
                "cpu_second_per_call": 0.000000000000000,
                "cpu_second_per_total": 0.000000000000000
                },
                {
                "name": "reading",
                "cpu_second": 0.00924919,
                "calls": 1,
                "cpu_second_per_call": 0.009249190000000,
                "cpu_second_per_total": 0.921574330283104
                }
            ]
        },
        {
            "class_name": "Input",
            "sub": [
                {
                "name": "Init",
                "cpu_second": 0.005381282,
                "calls": 1,
                "cpu_second_per_call": 0.005381282000000,
                "cpu_second_per_total": 0.536182233818801
                }
            ]
        },
        {
            "class_name": "Input_Conv",
            "sub": [
                {
                "name": "Convert",
                "cpu_second": 0.000962292,
                "calls": 1,
                "cpu_second_per_call": 0.000962292000000,
                "cpu_second_per_total": 0.095881218294444
                }
            ]
        }
    ]
}
