{
    "total": 0.0106417,
    "sub": [
        {
            "class_name": "Driver",
            "sub": [
                {
                "name": "driver_line",
                "cpu_second": 0,
                "calls": 1,
                "cpu_second_per_call": 0.000000000000000,
                "cpu_second_per_total": 0.000000000000000
                },
                {
                "name": "reading",
                "cpu_second": 0.009798277,
                "calls": 1,
                "cpu_second_per_call": 0.009798277000000,
                "cpu_second_per_total": 0.920745574217297
                }
            ]
        },
        {
            "class_name": "Input",
            "sub": [
                {
                "name": "Init",
                "cpu_second": 0.005390669,
                "calls": 1,
                "cpu_second_per_call": 0.005390669000000,
                "cpu_second_per_total": 0.506561982664950
                }
            ]
        },
        {
            "class_name": "Input_Conv",
            "sub": [
                {
                "name": "Convert",
                "cpu_second": 0.000895214,
                "calls": 1,
                "cpu_second_per_call": 0.000895214000000,
                "cpu_second_per_total": 0.084123395212991
                }
            ]
        }
    ]
}
