{
    "total": 0.00319154,
    "sub": [
        {
            "class_name": "Driver",
            "sub": [
                {
                "name": "driver_line",
                "cpu_second": 0,
                "calls": 1,
                "cpu_second_per_call": 0.000000000000000,
                "cpu_second_per_total": 0.000000000000000
                },
                {
                "name": "reading",
                "cpu_second": 0.002809791,
                "calls": 1,
                "cpu_second_per_call": 0.002809791000000,
                "cpu_second_per_total": 0.880386107789835
                }
            ]
        },
        {
            "class_name": "Input",
            "sub": [
                {
                "name": "Init",
                "cpu_second": 0.000842949,
                "calls": 1,
                "cpu_second_per_call": 0.000842949000000,
                "cpu_second_per_total": 0.264119498274190
                }
            ]
        },
        {
            "class_name": "Input_Conv",
            "sub": [
                {
                "name": "Convert",
                "cpu_second": 0.000307661,
                "calls": 1,
                "cpu_second_per_call": 0.000307661000000,
                "cpu_second_per_total": 0.096398796319274
                }
            ]
        }
    ]
}
