{
    "total": 0.00532951,
    "sub": [
        {
            "class_name": "Driver",
            "sub": [
                {
                "name": "driver_line",
                "cpu_second": 0,
                "calls": 1,
                "cpu_second_per_call": 0.000000000000000,
                "cpu_second_per_total": 0.000000000000000
                },
                {
                "name": "reading",
                "cpu_second": 0.004876878,
                "calls": 1,
                "cpu_second_per_call": 0.004876878000000,
                "cpu_second_per_total": 0.915069757754692
                }
            ]
        },
        {
            "class_name": "Input",
            "sub": [
                {
                "name": "Init",
                "cpu_second": 0.002325622,
                "calls": 1,
                "cpu_second_per_call": 0.002325622000000,
                "cpu_second_per_total": 0.436366536166987
                }
            ]
        },
        {
            "class_name": "Input_Conv",
            "sub": [
                {
                "name": "Convert",
                "cpu_second": 0.000500932,
                "calls": 1,
                "cpu_second_per_call": 0.000500932000000,
                "cpu_second_per_total": 0.093992042427876
                }
            ]
        }
    ]
}
