{
    "total": 0.00423231,
    "sub": [
        {
            "class_name": "Driver",
            "sub": [
                {
                "name": "driver_line",
                "cpu_second": 0,
                "calls": 1,
                "cpu_second_per_call": 0.000000000000000,
                "cpu_second_per_total": 0.000000000000000
                },
                {
                "name": "reading",
                "cpu_second": 0.003864865,
                "calls": 1,
                "cpu_second_per_call": 0.003864865000000,
                "cpu_second_per_total": 0.913181844601973
                }
            ]
        },
        {
            "class_name": "Input",
            "sub": [
                {
                "name": "Init",
                "cpu_second": 0.002418972,
                "calls": 1,
                "cpu_second_per_call": 0.002418972000000,
                "cpu_second_per_total": 0.571549410652254
                }
            ]
        },
        {
            "class_name": "Input_Conv",
            "sub": [
                {
                "name": "Convert",
                "cpu_second": 0.000344224,
                "calls": 1,
                "cpu_second_per_call": 0.000344224000000,
                "cpu_second_per_total": 0.081332493444472
                }
            ]
        }
    ]
}
