{
    "total": 0.00562574,
    "sub": [
        {
            "class_name": "Driver",
            "sub": [
                {
                "name": "driver_line",
                "cpu_second": 0,
                "calls": 1,
                "cpu_second_per_call": 0.000000000000000,
                "cpu_second_per_total": 0.000000000000000
                },
                {
                "name": "reading",
                "cpu_second": 0.005073713,
                "calls": 1,
                "cpu_second_per_call": 0.005073713000000,
                "cpu_second_per_total": 0.901875416834348
                }
            ]
        },
        {
            "class_name": "Input",
            "sub": [
                {
                "name": "Init",
                "cpu_second": 0.001998014,
                "calls": 1,
                "cpu_second_per_call": 0.001998014000000,
                "cpu_second_per_total": 0.355156018696931
                }
            ]
        },
        {
            "class_name": "Input_Conv",
            "sub": [
                {
                "name": "Convert",
                "cpu_second": 0.000626357,
                "calls": 1,
                "cpu_second_per_call": 0.000626357000000,
                "cpu_second_per_total": 0.111337787624588
                }
            ]
        }
    ]
}
